ID_ISO_A3	ID_ISO_A2	ID_FIPS	NAM_LABEL	NAME_PROP	NAME2	NAM_ANSI	ISO639P3code	ID	Name	Macroarea	Latitude	Longitude	glottocode	Countries	Family_ID	Language_level_ID	aes	category	classification	level	med	subclassification	Also spoken in	Alternate Names	Autonym	Classification	Country	Dialects	Language Development	Language Maps	Language Resources	Language Status	Language Use	Location	Other Comments	Population	Population Numeric	Typology	Writing	name
nad-AUS	nad-au	nad-AS	Nijadali	Nijadali	NIJADALI	Nijadali	nad	nija1242	Nijadali	Australia	-22.85576	120.83057	nija1242	AU	book1242	NA	nearly extinct	Bookkeeping	book1242	language	Wordlist or less	nija1242:1	NA	NA	NA	NA	NA	NA	NA	NA	NA	NA	NA	NA	NA	NA	NA	NA	NA	NA
aue-BWA	aue-bw	aue-BC	Kxauein	Kxauein	KXAUEIN	‡Kx'au//'ein	aue	kxau1241	=/Kx'au//'ein	Africa	-21.0554	21.1793	kxau1241	BW;NA	book1242	NA	NA	Bookkeeping	book1242	language	Wordlist or less	kxau1241:1	NA	NA	NA	NA	NA	NA	NA	NA	NA	NA	NA	NA	NA	NA	NA	NA	NA	NA
sap-PRY	sap-py	sap-PA	Sanapana	Sanapana	SANAPANA	Sanapaná	sap	sana1281	Sanapaná (Retired)	South America	-22.11454	-58.90698	sana1281	PY	book1242	NA	NA	Bookkeeping	book1242	language	Wordlist or less	sana1281:1	NA	NA	NA	NA	NA	NA	NA	NA	NA	NA	NA	NA	NA	NA	NA	NA	NA	NA
bjq-MDG	bjq-mg	bjq-MA	Southern Betsimisaraka Malagasy	Malagasy, Southern Betsimisaraka	MALAGASY, SOUTHERN BETSIMISARAKA	Malagasy, Southern Betsimisaraka	bjq	sout3125	Southern Betsimisaraka Malagasy (Retired)	Africa	-20.8687	48.1108	sout3125	MG	book1242	NA	NA	Bookkeeping	book1242	language	Wordlist or less	sout3125:1	NA	NA	NA	NA	NA	NA	NA	NA	NA	NA	NA	NA	NA	NA	NA	NA	NA	NA
nbf-CHN	nbf-cn	nbf-CH	Naxi	Naxi	NAXI	Naxi	nbf	naxi1246	Naxi (Retired)	Eurasia	27.45988	100.18172	naxi1246	CN	book1242	NA	NA	Bookkeeping	book1242	language	Wordlist or less	naxi1246:1	NA	NA	NA	NA	NA	NA	NA	NA	NA	NA	NA	NA	NA	NA	NA	NA	NA	NA
ybd-MMR	ybd-mm	ybd-BM	Yangbye	Yangbye	YANGBYE	Yangbye	ybd	yang1301	Yangbye	Eurasia	18.524	94.2543	yang1301	MM	book1242	NA	NA	Bookkeeping	book1242	language	Wordlist or less	yang1301:1	NA	NA	NA	NA	NA	NA	NA	NA	NA	NA	NA	NA	NA	NA	NA	NA	NA	NA
len-HND	len-hn	len-HO	Lenca	Lenca	LENCA	Lenca	len	lenc1244	Lenca	North America	13.9278	-88.0422	lenc1244	SV;HN	book1242	NA	extinct	Bookkeeping	book1242	language	phonology/text	lenc1244:1	NA	NA	NA	Lencan	Honduras	None known. Some considered it Macro-Chibchan.	NA	NA	OLAC resources in and about Lenca	9 (Dormant).	NA	Comayagua, Francisco Morazán, Intibucá, La Paz, Lempira, and Valle departments.	NA	No known L1 speakers. Some semi-speakers (Adelaar 2007). Ethnic population: 100,000.	0	NA	Unwritten [Qaax].	Lenca
cqu-CHL	cqu-cl	cqu-CI	Chilean Quechua	Quechua, Chilean	QUECHUA, CHILEAN	Quechua, Chilean	cqu	chil1283	Chilean Quechua	South America	-23.7036	-67.7604	chil1283	CL	book1242	NA	NA	Bookkeeping	book1242	language	Wordlist or less	chil1283:1	NA	NA	NA	NA	NA	NA	NA	NA	NA	NA	NA	NA	NA	NA	NA	NA	NA	NA
gmo-ETH	gmo-et	gmo-ET	Gamo-Gofa-Dawro	Gamo-Gofa-Dawro	GAMO-GOFA-DAWRO	Gamo-Gofa-Dawro	gmo	gamo1244	Gamo-Gofa-Dawro	Africa	6.57645	37.1381	gamo1244	ET	book1242	NA	NA	Bookkeeping	book1242	language	Wordlist or less	gamo1244:1	NA	NA	NA	NA	NA	NA	NA	NA	NA	NA	NA	NA	NA	NA	NA	NA	NA	NA
dap-IND	dap-in	dap-IN	Nisi	Nisi	NISI	Nisi	dap	nisi1239	Dafla	Eurasia	27.3708	93.1284	nisi1239	IN	book1242	NA	NA	Bookkeeping	book1242	language	Wordlist or less	nisi1239:1	NA	NA	NA	NA	NA	NA	NA	NA	NA	NA	NA	NA	NA	NA	NA	NA	NA	NA
aue-NAM	aue-na	aue-WA	Kxauein	Kxauein	KXAUEIN	‡Kx'au//'ein	aue	kxau1241	=/Kx'au//'ein	Africa	-21.0554	21.1793	kxau1241	BW;NA	book1242	NA	NA	Bookkeeping	book1242	language	Wordlist or less	kxau1241:1	NA	NA	NA	NA	NA	NA	NA	NA	NA	NA	NA	NA	NA	NA	NA	NA	NA	NA
rui-TZA	rui-tz	rui-TZ	Rufiji	Rufiji	RUFIJI	Rufiji	rui	rufi1234	Rufiji	Africa	-7.99059	38.7133	rufi1234	TZ	book1242	NA	not endangered	Bookkeeping	book1242	language	NA	rufi1234:1	NA	Fiji, Kiruihi, Ruihi	NA	Niger-Congo, Atlantic-Congo, Volta-Congo, Benue-Congo, Bantoid, Southern, Narrow Bantu, Central, P, Matuumbi (P.12)	Tanzania	NA	NA	Tanzania	OLAC resources in and about Rufiji	6a (Vigorous).	All ages.	Pwani region: Rufiji district; Lindi region; central coast, south of Ndengereko [ndg], north of Mwera [mwe] language areas.	Muslim.	200,000 (1987).	200000	NA	NA	Rufiji
wiw-AUS	wiw-au	wiw-AS	Wirangu	Wirangu	WIRANGU	Wirangu	wiw	wira1260	Wirangu-Nauo	Australia	-31.6356	131.719	wira1260	AU	book1242	NA	NA	Bookkeeping	book1242	language	Wordlist or less	wira1260:1	NA	NA	NA	NA	NA	NA	NA	NA	NA	NA	NA	NA	NA	NA	NA	NA	NA	NA
nzu-COG	nzu-cg	nzu-CF	Teke-Nzikou	Teke-Nzikou	TEKE-NZIKOU	Teke-Nzikou	nzu	teke1279	Teke-Nzikou	Africa	-2.65261	15.2047	teke1279	CG	book1242	NA	threatened	Bookkeeping	book1242	language	Wordlist or less	teke1279:1	NA	Central Teke, Ndzindziu, Njiunjiu, Njyunjyu	NA	Niger-Congo, Atlantic-Congo, Volta-Congo, Benue-Congo, Bantoid, Southern, Narrow Bantu, Northwest, B, Teke (B.74)	Congo	Teke-Eboo. A hybrid of the dialects is emerging among young people.	Small scale adult literacy program run by local group and SIL.	Congo	OLAC resources in and about Teke-Nzikou	6b (Threatened).	Some young people, all adults. Also use Lingala [lin].	Plateaux department: Djambala area; Pool department.	Teke-Nzikou and Teke-Eboo [ebo] can be considered dialects of the same language, though there is no group name, apart from Teke. Both dialects use the same literacy materials. A hybrid of the dialects emerging among young people. Traditional religion, Christian.	NA	NA	NA	Latin script [Latn].	Teke-Nzikou
len-SLV	len-sv	len-ES	Lenca	Lenca	LENCA	Lenca	len	lenc1244	Lenca	North America	13.9278	-88.0422	lenc1244	SV;HN	book1242	NA	extinct	Bookkeeping	book1242	language	phonology/text	lenc1244:1	NA	NA	NA	Lencan	Honduras	None known. Some considered it Macro-Chibchan.	NA	NA	OLAC resources in and about Lenca	9 (Dormant).	NA	Comayagua, Francisco Morazán, Intibucá, La Paz, Lempira, and Valle departments.	NA	No known L1 speakers. Some semi-speakers (Adelaar 2007). Ethnic population: 100,000.	0	NA	Unwritten [Qaax].	Lenca
put-IDN	put-id	put-ID	Putoh	Putoh	PUTOH	Putoh	put	puto1237	Putoh	Papunesia	3.42467	116.443	puto1237	ID	book1242	NA	threatened	Bookkeeping	book1242	language	NA	puto1237:1	NA	Putuk	NA	Austronesian, Malayo-Polynesian, North Borneo, North Sarawakan, Dayic, Kelabitic	Indonesia	Pa Kembaloh, Abai. May be the same as Lun Bawang [lnd].	NA	Indonesia, Kalimantan	OLAC resources in and about Putoh	6b (Threatened).	NA	Kalimantan Utara province: Malinau and Nunukan regencies, Bangalan, Longberang, and Mensalong towns in Mentarang river area.	NA	6,000 (Wurm and Hattori 1981).	6000	NA	NA	Putoh
xsj-TZA	xsj-tz	xsj-TZ	Subi	Subi	SUBI	Subi	xsj	subi1247	Subi	Africa	-2.93387	31.3594	subi1247	TZ	book1242	NA	threatened	Bookkeeping	book1242	language	Wordlist or less	subi1247:1	NA	NA	NA	NA	NA	NA	NA	NA	NA	NA	NA	NA	NA	NA	NA	NA	NA	NA
yus-MEX	yus-mx	yus-MX	Chan Santa Cruz Maya	Maya, Chan Santa Cruz	MAYA, CHAN SANTA CRUZ	Maya, Chan Santa Cruz	yus	maya1286	Maya, Chan Santa Cruz	North America	NA	NA	maya1286	MX	book1242	NA	NA	Bookkeeping	book1242	language	Wordlist or less	maya1286:1	NA	NA	NA	NA	NA	NA	NA	NA	NA	NA	NA	NA	NA	NA	NA	NA	NA	NA
drw-AFG	drw-af	drw-AF	Darwazi	Darwazi	DARWAZI	Darwazi	drw	darw1234	Darwazi	Eurasia	38.3161	70.7643	darw1234	AF	book1242	NA	NA	Bookkeeping	book1242	language	Wordlist or less	darw1234:1	NA	NA	NA	NA	NA	NA	NA	NA	NA	NA	NA	NA	NA	NA	NA	NA	NA	NA
koj-CAF	koj-cf	koj-CT	Sara Dunjo	Sara Dunjo	SARA DUNJO	Sara Dunjo	koj	sara1320	Sara Dunjo	Africa	8.99175	19.9446	sara1320	CF;TD	book1242	NA	NA	Bookkeeping	book1242	language	Wordlist or less	sara1320:1	NA	NA	NA	NA	NA	NA	NA	NA	NA	NA	NA	NA	NA	NA	NA	NA	NA	NA
kfi-IND	kfi-in	kfi-IN	Kannada Kurumba	Kurumba, Kannada	KURUMBA, KANNADA	Kurumba, Kannada	kfi	kann1253	Kurumba, Kannada	Eurasia	11.3824	76.5256	kann1253	IN	book1242	NA	not endangered	Bookkeeping	book1242	language	Wordlist or less	kann1253:1	NA	Canarese, Korambar, Kuramwari, Kuremban, Kuruba, Kuruban, Kurubar, Kurubas Kuruma, Kuruman, Kurumans, Kurumar, Kurumba, Kurumban, Kurumbar, Kurumbas, Kurumvari, Palu Kurumba, Southern Nonstandard Kannada	NA	Dravidian, Southern, Tamil-Kannada, Tamil-Kodagu, Kodagu	India	Coimbatore, Dharmapuri, Pudukottai.	Younger generation over 50% literate, older generation less. Radio.	India, Map 8	OLAC resources in and about Kurumba, Kannada	5 (Developing).	Home. All ages. Also use Kannada [kan], Muduga [udg], Tamil [tam].	Tamil Nadu state: Coimbatore district, Pollachi; Dindigul district, Sirumalai and Palani; Teni district, Cumbum Valley; Chingalpattu, Dharmapuri, Salem, and Vellore districts; Karnataka and Andhra Pradesh states.	Reportedly 3 groups of Gowda: Okkili, Anuppa, and Kurumba, which may be languages or dialects of 1 language. Sometimes referred to as Alu or Palu Kurumba, but is a different language from Alu Kurumba [xua] in the hills. Kurumba and Kuruman are different Scheduled Tribes. Hindu.	180,000 (2000).	180000	NA	Tamil script [Taml].	Kurumba, Kannada
bjd-AUS	bjd-au	bjd-AS	Bandjigali	Bandjigali	BANDJIGALI	Bandjigali	bjd	band1337	Bandjigali	Australia	-30.0771	143.282	band1337	AU	book1242	NA	NA	Bookkeeping	book1242	language	Wordlist or less	band1337:1	NA	NA	NA	NA	NA	NA	NA	NA	NA	NA	NA	NA	NA	NA	NA	NA	NA	NA
myi-IND	myi-in	myi-IN	Mina	Mina	MINA	Mina	myi	mina1267	Mina (India)	Eurasia	23.7425	74.5977	mina1267	IN	book1242	NA	not endangered	Bookkeeping	book1242	language	Wordlist or less	mina1267:1	NA	NA	NA	Indo-European, Indo-Iranian, Indo-Aryan, Unclassified	India	NA	NA	India, Map 3	OLAC resources in and about Mina	6a (Vigorous).	Use a mix of Dhundari [dhd], Mewari [mtr], and Mewati [wtm].	Madhya Pradesh state: Guna, Gwalior, Rajgarh, and Shivpuri districts; Vidisha district, Sironj subdistrict; Rajasthan state: Baran, Jhalawar, Kota, and Sawai Madhopur districts; Uttar Pradesh state: Jhansi and Lalitpur districts.	A Scheduled Tribe. Reportedly L1 is Dhundari [dhd] in Rajasthjan and Braj Bhasha [bra] in Madhya Pradesh. Not a Bhil tribe, and there is no connection between Mina and Wagdi, who call themselves Mina Bhil. Hindu.	3,800,000 (IMA 1997).	3800000	NA	NA	Mina
nlr-AUS	nlr-au	nlr-AS	Ngarla	Ngarla	NGARLA	Ngarla	nlr	ngar1286	Ngarla on the Ashburton river south of the Hamersley range	Australia	NA	NA	ngar1286	AU	book1242	NA	nearly extinct	Bookkeeping	book1242	language	Wordlist or less	ngar1286:1	NA	NA	NA	NA	NA	NA	NA	NA	NA	NA	NA	NA	NA	NA	NA	NA	NA	NA
xbx-BRA	xbx-br	xbx-BR	Kabixi	Kabixi	KABIXI	Kabixí	xbx	kabi1264	Kabixí	South America	-14.2403	-58.9931	kabi1264	BR	book1242	NA	NA	Bookkeeping	book1242	language	Wordlist or less	kabi1264:1	NA	NA	NA	NA	NA	NA	NA	NA	NA	NA	NA	NA	NA	NA	NA	NA	NA	NA
shz-MLI	shz-ml	shz-ML	Syenara Senoufo	Senoufo, Syenara	SENOUFO, SYENARA	Senoufo, Syenara	shz	syen1235	Syenara Senoufo	Africa	10.5954	-5.8581	syen1235	BF;CI;ML	book1242	NA	not endangered	Bookkeeping	book1242	language	Wordlist or less	syen1235:1	NA	Senare, Senari, Shenara, Syenara	NA	Niger-Congo, Atlantic-Congo, Volta-Congo, North, Gur, Senufo, Senari	Mali	Sangaar, Kuleele, Loakloho, Tuvunro, Pomporo, Tagbaar.	Literacy rate in L2: 2% in Supyire [spp], 11% in Bambara [bam] (2007 M. Coulibaly). Radio.	Mali, Central enlargement	OLAC resources in and about Sénoufo, Syenara	6a (Vigorous). Recognized language (1982, Decree No. 159 of 19 July, Article 1).	All ages. Positive attitudes. Also use Bamanankan [bam], Jula [dyu], Supyire Sénoufo [spp].	Sikasso region: Kadiolo circle.	Traditional religion, Muslim.	155,000 (2010 SIL), decreasing.	155000	NA	Latin script [Latn], limited usage.	Sénoufo, Syenara
thc-VNM	thc-vn	thc-VM	Tai Hang Tong	Tai Hang Tong	TAI HANG TONG	Tai Hang Tong	thc	taih1245	Tai Pao (Retired)	Eurasia	19.1282	104.225	taih1245	LA;VN	book1242	NA	NA	Bookkeeping	book1242	language	Wordlist or less	taih1245:1	NA	NA	NA	NA	NA	NA	NA	NA	NA	NA	NA	NA	NA	NA	NA	NA	NA	NA
pcr-CHN	pcr-cn	pcr-CH	Panang	Panang	PANANG	Panang	pcr	pana1292	Panang	Eurasia	30.7272	86.8317	pana1292	CN	book1242	NA	NA	Bookkeeping	book1242	language	Wordlist or less	pana1292:1	NA	NA	NA	NA	NA	NA	NA	NA	NA	NA	NA	NA	NA	NA	NA	NA	NA	NA
baz-CMR	baz-cm	baz-CM	Tunen	Tunen	TUNEN	Tunen	baz	tune1241	Tunen (Retired)	Africa	4.75	10.67	tune1241	CM	book1242	NA	NA	Bookkeeping	book1242	language	Wordlist or less	tune1241:1	NA	NA	NA	NA	NA	NA	NA	NA	NA	NA	NA	NA	NA	NA	NA	NA	NA	NA
tlz-IDN	tlz-id	tlz-ID	Toala	Toala	TOALA	Toala'	tlz	toal1234	Toala'	Papunesia	NA	NA	toal1234	ID	book1242	NA	NA	Bookkeeping	book1242	language	Wordlist or less	toal1234:1	NA	NA	NA	NA	NA	NA	NA	NA	NA	NA	NA	NA	NA	NA	NA	NA	NA	NA
twm-CHN	twm-cn	twm-CH	Tawan Monba	Monba, Tawan	MONBA, TAWAN	Monba, Tawan	twm	tawa1289	Tawang Monpa	Eurasia	27.7686	92.1838	tawa1289	CN;IN	book1242	NA	shifting	Bookkeeping	book1242	language	Wordlist or less	tawa1289:1	{u'View other languages of China': {}}	Brahmi, Cuona Menba, Dwags, Monkit, Northern Monpa, Takpa, Tawan Monba	NA	Sino-Tibetan, Tibeto-Burman, Western Tibeto-Burman, Bodish, East Bodish	India	NA	Literacy rate in L2: 32% (2001 census).	China	OLAC resources in and about Monpa, Tawang	6a (Vigorous).	Vigorous. Home, village, religion. Positive attitudes. Also use Hindi [hin]. Used as L2 by Sherdukpen [sdp].	Arunachal Pradesh state: Tawang district.	Monpa (Moinba), ‘man of the lower country’, refers to several ethnically related peoples, which may not be related linguistically. Buddhist.	8,600. Total users in all countries: 9,900.	9900	Basic SOV.	Devanagari script [Deva].	Monpa, Tawang
njd-TZA	njd-tz	njd-TZ	Ndonde Hamba	Ndonde Hamba	NDONDE HAMBA	Ndonde Hamba	njd	ndon1252	Ndonde Hamba	Africa	-10.5584	38.1253	ndon1252	TZ	book1242	NA	threatened	Bookkeeping	book1242	language	Wordlist or less	ndon1252:1	NA	Chindonde, Chindonde Hamba, Ishiwanda, Kidonde, Kimawanda, Kindonde Hamba, Mawanda, Ndomde, Ndonde, Wanda	NA	Niger-Congo, Atlantic-Congo, Volta-Congo, Benue-Congo, Bantoid, Southern, Narrow Bantu, Central, P, Yao (P.24)	Tanzania	NA	NA	Tanzania	OLAC resources in and about Ndonde Hamba	6b (Threatened).	Shifting to Swahili [swh]. Also use Makhuwa-Meetto [mgh].	Lindi region: Nachingwea district, Kilimarondo division.	Similar to Mwera [mjh]. Extensive borrowing from Ngindo [nnq]. Muslim, Christian, traditional religion.	10,000 (2002 PBT).	10000	NA	Unwritten [Qaax].	Ndonde Hamba
wai-IDN	wai-id	wai-ID	Wares	Wares	WARES	Wares	wai	ware1254	Wares	Papunesia	-2.47357	139.337	ware1254	ID	unat1236	NA	shifting	Unattested	unat1236/toro1259	language	Wordlist or less	ware1254:1	NA	NA	NA	Tor-Kwerba, Orya-Tor, Tor	Indonesia	NA	NA	Indonesia, Northwestern Papua enlargement	OLAC resources in and about Wares	7 (Shifting).	NA	Papua province: Sarmi regency, Maweswares village on Biri river headwaters south side.	2005 survey data indicates language may not exist or speakers have moved. Maweswres village now inhabited by Mawes [mgk] speakers. Christian, traditional religion.	200 (1993 R. Doriot).	200	NA	NA	Wares
yax-AGO	yax-ao	yax-AO	Yauma	Yauma	YAUMA	Yauma	yax	yaum1238	Yauma	Africa	-15.821495	21.881345	yaum1238	AO;ZM	book1242	NA	threatened	Bookkeeping	book1242	language	NA	yaum1238:1	{u'View other languages of Zambia': {}}	NA	NA	Niger-Congo, Atlantic-Congo, Volta-Congo, Benue-Congo, Bantoid, Southern, Narrow Bantu, Central, K, Ciokwe-Luchazi (K.16)	Angola	None known. Part of the Ngangela Subgroup.	Bible portions: 1978.	Angola	OLAC resources in and about Yauma	6a (Vigorous).	NA	Southeast, isolated enclave in Lucazi [lch] language area, Moxico province; Kuando Kubango Province, Kuando river area.	NA	17,100 (2000). Total users in all countries: 22,200.	22200	NA	Latin script [Latn], plans for future development using this script.	Yauma
pig-PER	pig-pe	pig-PE	Pisabo	Pisabo	PISABO	Pisabo	pig	pisa1244	Pisabo	South America	-6.32551	-73.3411	pisa1244	BR;PE	unat1236	NA	shifting	Unattested	unat1236/pano1260	language	Wordlist or less	pisa1244:1	NA	Pisagua, Pisahua	NA	Panoan	Peru	NA	NA	Peru	OLAC resources in and about Pisabo	6b (Threatened).	NA	Loreto region: in Matsés [mcf] language group territory, between Tapíche and Blanco rivers.	NA	500 (2011 J. Leclerc).	500	NA	Unwritten [Qaax].	Pisabo
gio-CHN	gio-cn	gio-CH	Gelao	Gelao	GELAO	Gelao	gio	gela1261	Gelao	Eurasia	26.1545	106.235	gela1261	CN	book1242	NA	NA	Bookkeeping	book1242	language	Wordlist or less	gela1261:1	NA	NA	NA	NA	NA	NA	NA	NA	NA	NA	NA	NA	NA	NA	NA	NA	NA	NA
mvc-GTM	mvc-gt	mvc-GT	Central Mam	Mam, Central	MAM, CENTRAL	Mam, Central	mvc	mamc1234	Mam, Central	North America	NA	NA	mamc1234	GT	book1242	NA	NA	Bookkeeping	book1242	language	Wordlist or less	mamc1234:1	NA	NA	NA	NA	NA	NA	NA	NA	NA	NA	NA	NA	NA	NA	NA	NA	NA	NA
cka-MMR	cka-mm	cka-BM	Khumi Awa Chin	Chin, Khumi Awa	CHIN, KHUMI AWA	Chin, Khumi Awa	cka	khum1250	Khumi Awa Chin	Eurasia	20.5226	93.3656	khum1250	MM	book1242	NA	NA	Bookkeeping	book1242	language	Wordlist or less	khum1250:1	NA	NA	NA	NA	NA	NA	NA	NA	NA	NA	NA	NA	NA	NA	NA	NA	NA	NA
dkl-MLI	dkl-ml	dkl-ML	Kolum So Dogon	Dogon, Kolum So	DOGON, KOLUM SO	Dogon, Kolum So	dkl	kolu1247	Kolum So Dogon	Africa	14.3617	-3.8795	kolu1247	ML	book1242	NA	NA	Bookkeeping	book1242	language	Wordlist or less	kolu1247:1	NA	NA	NA	NA	NA	NA	NA	NA	NA	NA	NA	NA	NA	NA	NA	NA	NA	NA
whu-IDN	whu-id	whu-ID	Wahau Kayan	Kayan, Wahau	KAYAN, WAHAU	Kayan, Wahau	whu	waha1239	Wahau Kayan	Papunesia	1.42088	116.6795	waha1239	ID	book1242	NA	threatened	Bookkeeping	book1242	language	NA	waha1239:1	NA	Wahau Kajan	NA	Austronesian, Malayo-Polynesian, North Borneo, North Sarawakan, Kayan-Kenyah, Kayanic, Kayan Proper	Indonesia	NA	NA	Indonesia, Kalimantan	OLAC resources in and about Kayan, Wahau	6b (Threatened).	NA	Kalimantan Timur province: Kutai Timur regency, Telen river north tributary.	NA	500 (Wurm and Hattori 1981).	500	NA	NA	Kayan, Wahau
seb-CIV	seb-ci	seb-IV	Shempire Senoufo	Senoufo, Shempire	SENOUFO, SHEMPIRE	Senoufo, Shempire	seb	shem1239	Shempire Senoufo	Africa	10.4867	-6.37129	shem1239	CI;ML	book1242	NA	not endangered	Bookkeeping	book1242	language	NA	shem1239:1	{u'View other languages of Mali': {}}	Shenpire, Syempire	NA	Niger-Congo, Atlantic-Congo, Volta-Congo, North, Gur, Senufo, Suppire-Mamara	Côte d’Ivoire	3 or 4 dialects. Relationship to Supyire Senoufo [spp] in Mali is undetermined.	Literacy rate in L2: Below 5%.	Côte d’Ivoire	OLAC resources in and about Sénoufo, Shempire	6a (Vigorous).	Also use French [fra].	Savanes district: north of Tingréla.	NA	100,000 (1996). Total users in all countries: 114,800.	114800	NA	NA	Sénoufo, Shempire
cnm-GTM	cnm-gt	cnm-GT	Ixtatan Chuj	Chuj, Ixtatan	CHUJ, IXTATAN	Chuj, Ixtatán	cnm	chuj1251	Chuj, Ixtatán	North America	NA	NA	chuj1251	GT;MX	book1242	NA	NA	Bookkeeping	book1242	language	Wordlist or less	chuj1251:1	NA	NA	NA	NA	NA	NA	NA	NA	NA	NA	NA	NA	NA	NA	NA	NA	NA	NA
iap-BRA	iap-br	iap-BR	Iapama	Iapama	IAPAMA	Iapama	iap	iapa1241	Iapama	South America	0.97588	-53.3269	iapa1241	BR	book1242	NA	NA	Bookkeeping	book1242	language	Wordlist or less	iapa1241:1	NA	NA	NA	Unclassified	Brazil	NA	NA	NA	OLAC resources in and about Iapama	Unattested.	NA	Pará and Amapá states border region.	NA	NA	NA	NA	NA	Iapama
tsf-NPL	tsf-np	tsf-NP	Southwestern Tamang	Tamang, Southwestern	TAMANG, SOUTHWESTERN	Tamang, Southwestern	tsf	sout2718	Southwestern Tamang	Eurasia	27.5722	84.9036	sout2718	NP	book1242	NA	NA	Bookkeeping	book1242	language	Wordlist or less	sout2718:1	NA	NA	NA	NA	NA	NA	NA	NA	NA	NA	NA	NA	NA	NA	NA	NA	NA	NA
tme-BRA	tme-br	tme-BR	Tremembe	Tremembe	TREMEMBE	Tremembé	tme	trem1235	Tremembé	South America	-3.09359	-40.204	trem1235	BR	unat1236	NA	extinct	Unattested	unat1236	language	Wordlist or less	trem1235:1	NA	NA	NA	Unclassified	Brazil	NA	NA	NA	OLAC resources in and about Tremembé	9 (Dormant).	Shifted to Portuguese [por].	Ceará state.	NA	No known L1 speakers. Ethnic population: 1,510 (1999).	0	NA	NA	Tremembé
oun-AGO	oun-ao	oun-AO	Oung	Oung	OUNG	!O!ung	oun	oung1238	!O!ung	Africa	-15.3	14.35	oung1238	AO;NA	book1242	NA	NA	Bookkeeping	book1242	language	Wordlist or less	oung1238:1	NA	NA	NA	NA	NA	NA	NA	NA	NA	NA	NA	NA	NA	NA	NA	NA	NA	NA
ppv-BRA	ppv-br	ppv-BR	Papavo	Papavo	PAPAVO	Papavô	ppv	papa1263	Papavô	South America	-9.5	-72	papa1263	BR	unat1236	NA	NA	Unattested	unat1236/pano1260	language	Wordlist or less	papa1263:1	NA	NA	NA	NA	NA	NA	NA	NA	NA	NA	NA	NA	NA	NA	NA	NA	NA	NA
sic-PNG	sic-pg	sic-PP	Malinguat	Malinguat	MALINGUAT	Malinguat	sic	mali1288	Malinguat	Papunesia	NA	NA	mali1288	PG	book1242	NA	NA	Bookkeeping	book1242	language	Wordlist or less	mali1288:1	NA	NA	NA	NA	NA	NA	NA	NA	NA	NA	NA	NA	NA	NA	NA	NA	NA	NA
tzb-MEX	tzb-mx	tzb-MX	Bachajon Tzeltal	Tzeltal, Bachajon	TZELTAL, BACHAJON	Tzeltal, Bachajón	tzb	tzel1255	Tzeltal, Bachajón	North America	NA	NA	tzel1255	MX	book1242	NA	NA	Bookkeeping	book1242	language	Wordlist or less	tzel1255:1	NA	NA	NA	NA	NA	NA	NA	NA	NA	NA	NA	NA	NA	NA	NA	NA	NA	NA
ime-MRT	ime-mr	ime-MR	Imeraguen	Imeraguen	IMERAGUEN	Imeraguen	ime	imer1236	Imeraguen	Africa	18.37331	-16.34726	imer1236	MR	book1242	NA	NA	Bookkeeping	book1242	language	Wordlist or less	imer1236:1	NA	NA	NA	NA	NA	NA	NA	NA	NA	NA	NA	NA	NA	NA	NA	NA	NA	NA
qut-GTM	qut-gt	qut-GT	West Central Kiche	Kiche, West Central	KICHE, WEST CENTRAL	K'iche', West Central	qut	kich1266	K'iche', West Central	North America	NA	NA	kich1266	GT	book1242	NA	NA	Bookkeeping	book1242	language	Wordlist or less	kich1266:1	NA	NA	NA	NA	NA	NA	NA	NA	NA	NA	NA	NA	NA	NA	NA	NA	NA	NA
agi-IND	agi-in	agi-IN	Agariya	Agariya	AGARIYA	Agariya	agi	agar1251	Agariya	Eurasia	24.5024	82.297	agar1251	IN	unat1236	NA	not endangered	Unattested	unat1236/drav1252	language	Wordlist or less	agar1251:1	NA	Agaria, Agharia, Agoria	NA	Austro-Asiatic, Munda, North Munda, Kherwari	India	NA	Literacy rate in L2: 5%.	India, Map 3	OLAC resources in and about Agariya	6a (Vigorous).	Also use Hindi [hin].	Chhattisgarh state: Bilaspur district; Madhya Pradesh state: Mandla and Rewa districts, Maikal hills; Uttar Pradesh state: Agra, Mathura, and Mirzapur districts.	A Scheduled Caste in Uttar Pradesh. Chhattisgarhi [hne] L1 of tribe (Singh 1995b). Traditional religion, Hindu.	72,000 (2007).	72000	NA	NA	Agariya
cby-COL	cby-co	cby-CO	Carabayo	Carabayo	CARABAYO	Carabayo	cby	cara1245	Carabayo	South America	-1.7922	-69.9099	cara1245	CO	uncl1493	NA	extinct	Unclassifiable	uncl1493	language	Wordlist or less	cara1245:1	NA	Yuri, “Amazonas Macusa” (pej.)	NA	Unclassified	Colombia	NA	NA	Colombia	OLAC resources in and about Carabayo	6b (Threatened).	NA	Amazonas department: halfway between San Bernardo and Pure rivers. At least 3 long houses.	“Macusa” or “Macú”, savage, is arbitrarily applied to uncontacted groups.	150. Ethnic population: 200 (Crevels 2007).	150	NA	NA	Carabayo
acc-GTM	acc-gt	acc-GT	Cubulco Achi	Achi, Cubulco	ACHI, CUBULCO	Achi', Cubulco	acc	achi1258	Achi', Cubulco	North America	NA	NA	achi1258	GT	book1242	NA	NA	Bookkeeping	book1242	language	Wordlist or less	achi1258:1	NA	NA	NA	NA	NA	NA	NA	NA	NA	NA	NA	NA	NA	NA	NA	NA	NA	NA
yuu-RUS	yuu-ru	yuu-RS	Yugh	Yugh	YUGH	Yugh	yuu	yugh1240	Yugh (Retired)	Eurasia	60.87784	89.74791	yugh1240	RU	book1242	NA	NA	Bookkeeping	book1242	language	Wordlist or less	yugh1240:1	NA	NA	NA	NA	NA	NA	NA	NA	NA	NA	NA	NA	NA	NA	NA	NA	NA	NA
puc-IDN	puc-id	puc-ID	Punan Merap	Punan Merap	PUNAN MERAP	Punan Merap	puc	puna1274	Punan Merap	Papunesia	3.10143	116.251	puna1274	ID	book1242	NA	shifting	Bookkeeping	book1242	language	NA	puna1274:1	NA	NA	NA	Austronesian, Malayo-Polynesian, North Borneo, Rejang-Sajau	Indonesia	NA	NA	Indonesia, Kalimantan	OLAC resources in and about Punan Merap	6b (Threatened).	NA	Kalimantan Utara province: Malinau regency on upper Malinau river.	Distinct from Punan Merah [puf].	200 (Wurm and Hattori 1981).	200	NA	NA	Punan Merap
xhv-VNM	xhv-vn	xhv-VM	Khua	Khua	KHUA	Khua	xhv	khua1243	Khua	Eurasia	17.402	106.021	khua1243	LA;VN	book1242	NA	not endangered	Bookkeeping	book1242	language	Wordlist or less	khua1243:1	{u'View other languages of Laos': {}}	NA	NA	Austro-Asiatic, Mon-Khmer, Eastern Mon-Khmer, Katuic, West Katuic, Bru	Viet Nam	NA	NA	Laos	OLAC resources in and about Khua	6a (Vigorous). Language of recognized ethnic group: Bru Van Kieu.	NA	West central; Quang Binh province, southeast of Giap Tam.	Part of the Bru Vân Kieu official ethnic community (74,506, 2009 census). Distinct from Cua [cua].	3,000 (Wurm and Hattori 1981). Total users in all countries: 5,000.	5000	NA	NA	Khua
urp-BRA	urp-br	urp-BR	Uru-Pa-In	Uru-Pa-In	URU-PA-IN	Uru-Pa-In	urp	urup1235	Uru-Pa-In	South America	-11.2946	-62.7226	urup1235	BR	uncl1493	NA	not endangered	Unclassifiable	uncl1493	language	NA	urup1235:1	NA	NA	NA	Tupian, Tupí-Guaraní, Kawahib	Brazil	NA	NA	Central Brazil	OLAC resources in and about Uru-Pa-In	6b (Threatened).	NA	Rondônia state: Ariquemes municipality.	No permanent contact.	200 (1995 SIL).	200	NA	NA	Uru-Pa-In
mgx-PNG	mgx-pg	mgx-PP	Omati	Omati	OMATI	Omati	mgx	omat1240	Omati	Papunesia	-7.39808	144.005	omat1240	PG	book1242	NA	NA	Bookkeeping	book1242	language	Wordlist or less	omat1240:1	NA	NA	NA	NA	NA	NA	NA	NA	NA	NA	NA	NA	NA	NA	NA	NA	NA	NA
xmo-BRA	xmo-br	xmo-BR	Morerebi	Morerebi	MOREREBI	Morerebi	xmo	more1262	Morerebi	South America	-8.66822	-61.3858	more1262	BR	unat1236	NA	threatened	Unattested	unat1236/tupi1286	language	NA	more1262:1	NA	NA	NA	Tupian, Tupí-Guaraní, Kawahib, Parintintin	Brazil	None known. Reportedly very similar linguistically to Amundava [adw], Tenharim [pah], and Uru-eu-wau-wau [urz]. A family group that has not lived with the Tenharim for many years, and does not want contact with outside culture.	NA	Central Brazil	OLAC resources in and about Morerebi	6b (Threatened).	NA	Amazonas state: Marmelos and Rio Preto; Mato Grosso state.	NA	100 (2000).	100	NA	NA	Morerebi
hva-MEX	hva-mx	hva-MX	San Luis Potosi Huastec	Huastec, San Luis Potosi	HUASTEC, SAN LUIS POTOSI	Huastec, San Luís Potosí	hva	huas1255	Huastec, San Luís Potosí	North America	NA	NA	huas1255	MX	book1242	NA	NA	Bookkeeping	book1242	language	Wordlist or less	huas1255:1	NA	NA	NA	NA	NA	NA	NA	NA	NA	NA	NA	NA	NA	NA	NA	NA	NA	NA
prb-THA	prb-th	prb-TH	Lua	Lua	LUA	Lua'	prb	luaa1235	Lua'	Eurasia	19.1198	101.217	luaa1235	LA;TH	book1242	NA	NA	Bookkeeping	book1242	language	Wordlist or less	luaa1235:1	NA	NA	NA	NA	NA	NA	NA	NA	NA	NA	NA	NA	NA	NA	NA	NA	NA	NA
hir-BRA	hir-br	hir-BR	Himarima	Himarima	HIMARIMA	Himarimã	hir	hima1247	Himarimã	South America	-6.25217	-64.70047	hima1247	BR	unat1236	NA	not endangered	Unattested	unat1236/araw1289	language	Wordlist or less	hima1247:1	NA	NA	NA	Unclassified	Brazil	NA	NA	Western Central Brazil	OLAC resources in and about Himarimã	6b (Threatened).	Contact in 2007 with a mixed group may have included Himarimã speakers.	Amazonas state: Tapauá valley, near the Jamamadi and Jarawara.	Essentially uncontacted.	40.	40	NA	NA	Himarimã
yax-ZMB	yax-zm	yax-ZA	Yauma	Yauma	YAUMA	Yauma	yax	yaum1238	Yauma	Africa	-15.821495	21.881345	yaum1238	AO;ZM	book1242	NA	threatened	Bookkeeping	book1242	language	NA	yaum1238:1	{u'View other languages of Zambia': {}}	NA	NA	Niger-Congo, Atlantic-Congo, Volta-Congo, Benue-Congo, Bantoid, Southern, Narrow Bantu, Central, K, Ciokwe-Luchazi (K.16)	Angola	None known. Part of the Ngangela Subgroup.	Bible portions: 1978.	Angola	OLAC resources in and about Yauma	6a (Vigorous).	NA	Southeast, isolated enclave in Lucazi [lch] language area, Moxico province; Kuando Kubango Province, Kuando river area.	NA	17,100 (2000). Total users in all countries: 22,200.	22200	NA	Latin script [Latn], plans for future development using this script.	Yauma
xhv-LAO	xhv-la	xhv-LA	Khua	Khua	KHUA	Khua	xhv	khua1243	Khua	Eurasia	17.402	106.021	khua1243	LA;VN	book1242	NA	not endangered	Bookkeeping	book1242	language	Wordlist or less	khua1243:1	{u'View other languages of Laos': {}}	NA	NA	Austro-Asiatic, Mon-Khmer, Eastern Mon-Khmer, Katuic, West Katuic, Bru	Viet Nam	NA	NA	Laos	OLAC resources in and about Khua	6a (Vigorous). Language of recognized ethnic group: Bru Van Kieu.	NA	West central; Quang Binh province, southeast of Giap Tam.	Part of the Bru Vân Kieu official ethnic community (74,506, 2009 census). Distinct from Cua [cua].	3,000 (Wurm and Hattori 1981). Total users in all countries: 5,000.	5000	NA	NA	Khua
bhx-IND	bhx-in	bhx-IN	Bhalay	Bhalay	BHALAY	Bhalay	bhx	bhal1245	Bhalay	Eurasia	21.2665	77.8268	bhal1245	IN	book1242	NA	threatened	Bookkeeping	book1242	language	Wordlist or less	bhal1245:1	NA	NA	NA	Indo-European, Indo-Iranian, Indo-Aryan, Outer Languages, Southern, Unclassified	India	None known. Lexical similarity: 90% with Gowlan [goj].	NA	India, Map 6	OLAC resources in and about Bhalay	6a (Vigorous).	Also use Hindi [hin], Marathi [mar].	Madhya Pradesh state; Maharashtra state: Amravati district.	Bhalay probably an alternate spelling of Balahi (Balai), a Scheduled Caste found in Madhya Pradesh, Maharashtra, Rajasthan, and Uttar Pradesh. Traditional religion.	8,670 (1981 census).	8670	NA	Unwritten [Qaax].	Bhalay
slj-BRA	slj-br	slj-BR	Saluma	Saluma	SALUMA	Salumá	slj	salu1254	Salumá	South America	1.74782	-56.5107	salu1254	BR	book1242	NA	moribund	Bookkeeping	book1242	language	Wordlist or less	salu1254:1	NA	NA	NA	Cariban, Tiriyó	Brazil	NA	NA	Northeastern Brazil	OLAC resources in and about Salumá	8a (Moribund).	NA	Pará state: upper Anamu, Trombetas river source, along Suriname border.	Different from Enawené-Nawé [unk] in Mato Grosso. Live among the Trio [tri], losing their ethnic identity.	240 (2000).	240	NA	NA	Salumá
cke-GTM	cke-gt	cke-GT	Eastern Kaqchikel	Kaqchikel, Eastern	KAQCHIKEL, EASTERN	Kaqchikel, Eastern	cke	kaqc1273	Kaqchikel, Eastern	North America	NA	NA	kaqc1273	GT	book1242	NA	NA	Bookkeeping	book1242	language	Wordlist or less	kaqc1273:1	NA	NA	NA	NA	NA	NA	NA	NA	NA	NA	NA	NA	NA	NA	NA	NA	NA	NA
kex-IND	kex-in	kex-IN	Kukna	Kukna	KUKNA	Kukna	kex	kukn1238	Kukna	Eurasia	20.5657	73.5713	kukn1238	IN	book1242	NA	not endangered	Bookkeeping	book1242	language	Wordlist or less	kukn1238:1	NA	Kanara, Kanara Konkani, Kokna, Kokni	NA	Indo-European, Indo-Iranian, Indo-Aryan, Outer Languages, Southern, Konkani	India	None known. Dhule District Kukna has 98%–100% intelligibility with Khandesi [khn].	Literacy rate in L1: 10%–30%. Some literacy work being done. Radio. NT: 1977–2002.	India, Map 6	OLAC resources in and about Kukna	3 (Wider communication).	Also use Khandesi [khn], especially a group of Kukna in Dhule District. Used as L2 by Khandesi [khn].	Gujarat state: Dangs and Valsad districts; Karnataka state: Dakshina Kannada (Kanara) district; Maharashtra state: Dhule, Nasik, and Thane districts, Dadra and Nagar Haveli; Rajasthan state.	May be the same as Dhanki [dhn]. Hindu.	211,000, all users. 111,000 (2001 census). 100,000 (1998).	211000	NA	Devanagari script [Deva]. Gujarati script [Gujr].	Kukna
hsf-MEX	hsf-mx	hsf-MX	Southeastern Huastec	Huastec, Southeastern	HUASTEC, SOUTHEASTERN	Huastec, Southeastern	hsf	huas1256	Huastec, Southeastern	North America	NA	NA	huas1256	MX	book1242	NA	NA	Bookkeeping	book1242	language	Wordlist or less	huas1256:1	NA	NA	NA	NA	NA	NA	NA	NA	NA	NA	NA	NA	NA	NA	NA	NA	NA	NA
mms-GTM	mms-gt	mms-GT	Southern Mam	Mam, Southern	MAM, SOUTHERN	Mam, Southern	mms	mams1234	Mam, Southern	North America	NA	NA	mams1234	GT	book1242	NA	NA	Bookkeeping	book1242	language	Wordlist or less	mams1234:1	NA	NA	NA	NA	NA	NA	NA	NA	NA	NA	NA	NA	NA	NA	NA	NA	NA	NA
tnf-AFG	tnf-af	tnf-AF	Tangshewi	Tangshewi	TANGSHEWI	Tangshewi	tnf	tang1374	Tangshewi	Eurasia	38.2267	71.2542	tang1374	AF	book1242	NA	NA	Bookkeeping	book1242	language	Wordlist or less	tang1374:1	NA	NA	NA	NA	NA	NA	NA	NA	NA	NA	NA	NA	NA	NA	NA	NA	NA	NA
tie-SDN	tie-sd	tie-SU	Tingal	Tingal	TINGAL	Tingal	tie	ting1253	Tingal	Africa	12.1797	31.1244	ting1253	SD	book1242	NA	NA	Bookkeeping	book1242	language	Wordlist or less	ting1253:1	NA	NA	NA	NA	NA	NA	NA	NA	NA	NA	NA	NA	NA	NA	NA	NA	NA	NA
tlw-IDN	tlw-id	tlw-ID	South Wemale	Wemale, South	WEMALE, SOUTH	Wemale, South	tlw	sout2892	South Wemale	Papunesia	-3.29102	128.547	sout2892	ID	book1242	NA	NA	Bookkeeping	book1242	language	Wordlist or less	sout2892:1	NA	NA	NA	NA	NA	NA	NA	NA	NA	NA	NA	NA	NA	NA	NA	NA	NA	NA
yri-COL	yri-co	yri-CO	Yari	Yari	YARI	Yarí	yri	yari1235	Yarí	South America	1.43017	-74.3715	yari1235	CO	book1242	NA	NA	Bookkeeping	book1242	language	Wordlist or less	yari1235:1	NA	NA	NA	NA	NA	NA	NA	NA	NA	NA	NA	NA	NA	NA	NA	NA	NA	NA
tze-MEX	tze-mx	tze-MX	Chenalho Tzotzil	Tzotzil, Chenalho	TZOTZIL, CHENALHO	Tzotzil, Chenalhó	tze	tzot1263	Tzotzil, Chenalhó	North America	NA	NA	tzot1263	MX	book1242	NA	NA	Bookkeeping	book1242	language	Wordlist or less	tzot1263:1	NA	NA	NA	NA	NA	NA	NA	NA	NA	NA	NA	NA	NA	NA	NA	NA	NA	NA
ixj-GTM	ixj-gt	ixj-GT	Chajul Ixil	Ixil, Chajul	IXIL, CHAJUL	Ixil, Chajul	ixj	ixil1252	Ixil, Chajul	North America	NA	NA	ixil1252	GT	book1242	NA	NA	Bookkeeping	book1242	language	Wordlist or less	ixil1252:1	NA	NA	NA	NA	NA	NA	NA	NA	NA	NA	NA	NA	NA	NA	NA	NA	NA	NA
stc-SLB	stc-sb	stc-BP	Natugu	Natugu	NATUGU	Natügu	stc	natu1249	Natügu (Retired)	Papunesia	-10.6771	165.835	natu1249	SB	book1242	NA	NA	Bookkeeping	book1242	language	Wordlist or less	natu1249:1	NA	NA	NA	NA	NA	NA	NA	NA	NA	NA	NA	NA	NA	NA	NA	NA	NA	NA
ixi-GTM	ixi-gt	ixi-GT	Nebaj Ixil	Ixil, Nebaj	IXIL, NEBAJ	Ixil, Nebaj	ixi	ixil1253	Ixil, Nebaj	North America	NA	NA	ixil1253	GT	book1242	NA	NA	Bookkeeping	book1242	language	Wordlist or less	ixil1253:1	NA	NA	NA	NA	NA	NA	NA	NA	NA	NA	NA	NA	NA	NA	NA	NA	NA	NA
pob-GTM	pob-gt	pob-GT	Western Poqomchi	Poqomchi, Western	POQOMCHI, WESTERN	Poqomchi', Western	pob	poqo1256	Poqomchi', Western	North America	NA	NA	poqo1256	GT	book1242	NA	NA	Bookkeeping	book1242	language	Wordlist or less	poqo1256:1	NA	NA	NA	NA	NA	NA	NA	NA	NA	NA	NA	NA	NA	NA	NA	NA	NA	NA
bic-PNG	bic-pg	bic-PP	Bikaru	Bikaru	BIKARU	Bikaru	bic	bika1251	Bikaru-Bragge	Papunesia	-4.86	142.945	bika1251	PG	book1242	NA	shifting	Bookkeeping	book1242	language	Wordlist or less	bika1251:1	NA	Bugalu, Pikaru	NA	Sepik, Sepik Hill, Sanio	Papua New Guinea	NA	Literacy rate in L1: Below 5%. Literacy rate in L2: 5%–15%.	Papua New Guinea, Map 5	OLAC resources in and about Bikaru	8a (Moribund).	NA	East Sepik province: April river headwaters.	Nomadic. Traditional religion.	100 (Wurm and Hattori 1981).	100	NA	NA	Bikaru
fom-COD	fom-cd	fom-CG	Foma	Foma	FOMA	Foma	fom	foma1238	Foma	Africa	0.88032	24.3202	foma1238	CD	book1242	NA	not endangered	Bookkeeping	book1242	language	Wordlist or less	foma1238:1	NA	Fuma, Lifoma, Pseudo-Bambole	NA	Niger-Congo, Atlantic-Congo, Volta-Congo, Benue-Congo, Bantoid, Southern, Narrow Bantu, Northwest, C, Soko-Kele (C.56)	Democratic Republic of the Congo	NA	NA	Northern Democratic Republic of Congo	OLAC resources in and about Foma	6a (Vigorous).	Also use Lingala [lin].	Tshopo province: Congo river north side, upstream from Basoko.	NA	13,000 (2002).	13000	NA	NA	Foma
zrg-IND	zrg-in	zrg-IN	Mirgan	Mirgan	MIRGAN	Mirgan	zrg	mirg1238	Mirgan	Eurasia	23.43055	81.33599	mirg1238	IN	book1242	NA	not endangered	Bookkeeping	book1242	language	Wordlist or less	mirg1238:1	NA	Mirgami, Mirkan, Panika, Panka	NA	Indo-European, Indo-Iranian, Indo-Aryan, Outer Languages, Eastern, Bengali-Assamese	India	Batasuna, Jagdal Pur, Kosagumuda, Kotpad, Nabarang Pur, Umerkote. Dialects have good intelligibility. Not functionally intelligible of Halbi [hlb]. Lexical similarity: 83%–95% among dialects.	Literacy rate in L2: 10% in Odia [ory].	India, Map 7	OLAC resources in and about Mirgan	6a (Vigorous).	Vigorous. Home, religion. Positive attitudes. Also use Desiya [dso], in Odisha. Also use Halbi [hlb], in Madhya Pradesh. Also use Hindi [hin], in Madhya Pradesh. Also use Odia [ory], in Odisha, but with low proficiency.	Chhattisgarh state: Bastar district; Odisha state: Koraput and Nabarangapur districts.	Declared a General Caste by the government. Divided into 2 groups, the larger Kabirpanthi and the smaller Sakta. Traditional religion, Christian, Hindu.	60,000 (1998 N. Lima).	60000	NA	Oriya (Odia) script [Orya]. Telugu script [Telu].	Mirgan
gti-COD	gti-cd	gti-CG	Gbati-ri	Gbati-ri	GBATI-RI	Gbati-ri	gti	gbat1238	Gbati-ri	Africa	2.98585	28.7911	gbat1238	CD	book1242	NA	NA	Bookkeeping	book1242	language	Wordlist or less	gbat1238:1	NA	NA	NA	NA	NA	NA	NA	NA	NA	NA	NA	NA	NA	NA	NA	NA	NA	NA
quj-GTM	quj-gt	quj-GT	Joyabaj Kiche	Kiche, Joyabaj	KICHE, JOYABAJ	K'iche', Joyabaj	quj	kich1267	K'iche', Joyabaj	North America	NA	NA	kich1267	GT	book1242	NA	NA	Bookkeeping	book1242	language	Wordlist or less	kich1267:1	NA	NA	NA	NA	NA	NA	NA	NA	NA	NA	NA	NA	NA	NA	NA	NA	NA	NA
tgr-LAO	tgr-la	tgr-LA	Tareng	Tareng	TARENG	Tareng	tgr	tare1239	Tareng	Eurasia	15.4928	107.296	tare1239	LA;VN	book1242	NA	not endangered	Bookkeeping	book1242	language	Wordlist or less	tare1239:1	NA	Tariang	NA	Austro-Asiatic, Mon-Khmer, Eastern Mon-Khmer, Katuic, East Katuic, Katu-Pacoh	Laos	NA	NA	Laos	OLAC resources in and about Tareng	6a (Vigorous).	NA	Xekong province: west of Viet Nam border, east of Kayong, north of Chavane and Thia.	Distinct from Talieng [tdf], which is North Bahnaric.	5,000 (Wurm and Hattori 1981).	5000	NA	NA	Tareng
tzs-MEX	tzs-mx	tzs-MX	San Andres Larrainzar Tzotzil	Tzotzil, San Andres Larrainzar	TZOTZIL, SAN ANDRES LARRAINZAR	Tzotzil, San Andrés Larrainzar	tzs	tzot1260	Tzotzil, San Andrés Larrainzar	North America	NA	NA	tzot1260	MX	book1242	NA	NA	Bookkeeping	book1242	language	Wordlist or less	tzot1260:1	NA	NA	NA	NA	NA	NA	NA	NA	NA	NA	NA	NA	NA	NA	NA	NA	NA	NA
nmj-CAF	nmj-cf	nmj-CT	Ngombe	Ngombe	NGOMBE	Ngombe	nmj	ngom1265	Ngombe (Central African Republic)	Africa	3.90658	15.2154	ngom1265	CF	book1242	NA	shifting	Bookkeeping	book1242	language	Wordlist or less	ngom1265:1	NA	Bagando-Ngombe, Bangando-Ngombe, Ngombe-Kaka	NA	Niger-Congo, Atlantic-Congo, Volta-Congo, North, Adamawa-Ubangi, Ubangi, Gbaya-Manza-Ngbaka, Southwest	Central African Republic	None known. May be intelligible of Southwest Gbaya [gso], Bofi [bff], Bokoto [bdt], and Bangandu [ngd].	NA	Central African Republic	OLAC resources in and about Ngombe	6a (Vigorous).	NA	Mambéré-Kadéï prefecture: Gamboula subprefecture, Cameroon border.	Different from Ngombe [ngc] in Democratic Republic of the Congo.	11,600 (2010 census).	11600	NA	Unwritten [Qaax].	Ngombe
goj-IND	goj-in	goj-IN	Gowlan	Gowlan	GOWLAN	Gowlan	goj	gowl1242	Gowlan	Eurasia	21.5096	77.2647	gowl1242	IN	book1242	NA	not endangered	Bookkeeping	book1242	language	NA	gowl1242:1	NA	NA	NA	Indo-European, Indo-Iranian, Indo-Aryan, Outer Languages, Southern, Unclassified	India	Dialects in Maharashtra and Karnataka reportedly different. May be more similar to Hindi [hin] (Central zone) than to Marathi [mar] (Southern zone).	NA	India, Map 6	OLAC resources in and about Gowlan	6a (Vigorous).	Home. Mixed attitudes. Positive attitudes toward Gowlan and Hindi [hin]. Only some want their children to learn Marathi [mar]. Also use Hindi [hin], but with low bilingualism in Chikli area.	Madhya Pradesh state: Hoshangabad district; Maharashtra state: Amravati district, and among Korku [kfq] people; some in north Karnataka state.	Surrounded by Korku. Belong to Gowli caste. Traditional religion, Christian.	20,200 (2000).	20200	NA	Unwritten [Qaax].	Gowlan
mst-PHL	mst-ph	mst-RP	Cataelano Mandaya	Mandaya, Cataelano	MANDAYA, CATAELANO	Mandaya, Cataelano	mst	cata1284	Cataelano Mandaya	Papunesia	7.77188	126.373	cata1284	PH	book1242	NA	NA	Bookkeeping	book1242	language	Wordlist or less	cata1284:1	NA	NA	NA	NA	NA	NA	NA	NA	NA	NA	NA	NA	NA	NA	NA	NA	NA	NA
cdg-IND	cdg-in	cdg-IN	Chamari	Chamari	CHAMARI	Chamari	cdg	cham1329	Chamari	Eurasia	21.3532	79.6232	cham1329	IN	book1242	NA	not endangered	Bookkeeping	book1242	language	Wordlist or less	cham1329:1	NA	Chamar, Chambhar Boli, Chambhari	NA	Indo-European, Indo-Iranian, Indo-Aryan, Western Hindi, Unclassified	India	NA	NA	India, Map 7	OLAC resources in and about Chamari	6a (Vigorous).	NA	Madhya Pradesh and Maharastra states; Uttar Pradesh state: Lucknow.	Chamar is a caste name for skin and hide workers. Speakers throughout India (Singh 1995b). Traditional religion.	406,000 (2001 IMB).	406000	NA	Unwritten [Qaax].	Chamari
ckd-GTM	ckd-gt	ckd-GT	South Central Kaqchikel	Kaqchikel, South Central	KAQCHIKEL, SOUTH CENTRAL	Kaqchikel, South Central	ckd	kaqc1272	Kaqchikel, South Central	North America	NA	NA	kaqc1272	GT	book1242	NA	NA	Bookkeeping	book1242	language	Wordlist or less	kaqc1272:1	NA	NA	NA	NA	NA	NA	NA	NA	NA	NA	NA	NA	NA	NA	NA	NA	NA	NA
nbg-IND	nbg-in	nbg-IN	Nagarchal	Nagarchal	NAGARCHAL	Nagarchal	nbg	naga1399	Nagarchal	Eurasia	25.5399	75.8519	naga1399	IN	unat1236	NA	extinct	Unattested	unat1236/drav1252	language	Wordlist or less	naga1399:1	NA	Nagar, Nagarchi	NA	Dravidian, South-Central, Gondi-Kui, Gondi	India	NA	NA	NA	OLAC resources in and about Nagarchal	10 (Extinct).	Shifted to Hindi and Northern Gondi [gno].	Madhya Pradesh state: Balaghat, Chhindwara, Mandla, and Seoni districts.	Nagarchi is a people group living in Seoni, Jabalpur, and Mandla districts of Madhya Pradesh who speak Hindi [hin] (Singh 1998a).	No known L1 speakers.	0	NA	Unwritten [Qaax].	Nagarchal
yen-NGA	yen-ng	yen-NI	Yendang	Yendang	YENDANG	Yendang	yen	yend1240	Yendang (Retired)	Africa	9.0159	12.1396	yend1240	NG	book1242	NA	NA	Bookkeeping	book1242	language	Wordlist or less	yend1240:1	NA	NA	NA	NA	NA	NA	NA	NA	NA	NA	NA	NA	NA	NA	NA	NA	NA	NA
nrr-MMR	nrr-mm	nrr-BM	Norra	Norra	NORRA	Norra	nrr	norr1243	Norra	Eurasia	27.5088	98.4502	norr1243	CN;MM	book1242	NA	extinct	Bookkeeping	book1242	language	Wordlist or less	norr1243:1	NA	Norra, Noza, Nurra	NA	Tai-Kadai	India	NA	NA	NA	OLAC resources in and about Nora	10 (Extinct).	NA	Arunachal Pradesh state: northeast, near Tibet.	NA	No known L1 speakers.	0	SOV.	NA	Nora
pxm-MEX	pxm-mx	pxm-MX	Quetzaltepec Mixe	Mixe, Quetzaltepec	MIXE, QUETZALTEPEC	Mixe, Quetzaltepec	pxm	quet1239	Quetzaltepec Mixe	North America	16.92147	-95.67269	quet1239	MX	book1242	NA	threatened	Bookkeeping	book1242	language	phonology/text	quet1239:1	NA	Central Mixe, Chuxnabán Mixe, Midland Mixe, Mixe Alto del Sur	NA	Mixe-Zoquean, Mixean, Oaxaca Mixean	Mexico	NA	NT: 2012.	Eastern Central Mexico	OLAC resources in and about Mixe, Quetzaltepec	6b (Threatened).	NA	Oaxaca state: northeast Mixe district.	NA	8,090 (2000 INALI).	8090	NA	Latin script [Latn].	Mixe, Quetzaltepec
ccq-MMR	ccq-mm	ccq-BM	Chaungtha	Chaungtha	CHAUNGTHA	Chaungtha	ccq	chau1262	Chaungtha	Eurasia	20.0653	96.2457	chau1262	MM	book1242	NA	NA	Bookkeeping	book1242	language	Wordlist or less	chau1262:1	NA	NA	NA	NA	NA	NA	NA	NA	NA	NA	NA	NA	NA	NA	NA	NA	NA	NA
ckf-GTM	ckf-gt	ckf-GT	Southern Kaqchikel	Kaqchikel, Southern	KAQCHIKEL, SOUTHERN	Kaqchikel, Southern	ckf	kaqc1274	Kaqchikel, Southern	North America	NA	NA	kaqc1274	GT	book1242	NA	NA	Bookkeeping	book1242	language	Wordlist or less	kaqc1274:1	NA	NA	NA	NA	NA	NA	NA	NA	NA	NA	NA	NA	NA	NA	NA	NA	NA	NA
xko-LAO	xko-la	xko-LA	Kiorr	Kiorr	KIORR	Kiorr	xko	kior1239	Kiorr	Eurasia	21.0684	101.211	kior1239	LA;MM	book1242	NA	threatened	Bookkeeping	book1242	language	Wordlist or less	kior1239:1	NA	Col, Con, Saamtaav, Samtao, Samtao II	NA	Austro-Asiatic, Mon-Khmer, Northern Mon-Khmer, Palaungic, Eastern Palaungic, Angkuic	Laos	NA	NA	Laos	OLAC resources in and about Kiorr	6a (Vigorous).	NA	Luang Namtha and Oudomxai provinces: 6 villages.	Buddhist.	2,360 (1985 F. Proschan).	2360	NA	Unwritten [Qaax].	Kiorr
svr-IND	svr-in	svr-IN	Savara	Savara	SAVARA	Savara	svr	sava1244	Savara	Eurasia	18.7302	84.1414	sava1244	IN	book1242	NA	NA	Bookkeeping	book1242	language	Wordlist or less	sava1244:1	NA	NA	NA	NA	NA	NA	NA	NA	NA	NA	NA	NA	NA	NA	NA	NA	NA	NA
nkf-IND	nkf-in	nkf-IN	Inpui Naga	Naga, Inpui	NAGA, INPUI	Naga, Inpui	nkf	inpu1234	Inpui Naga	Eurasia	24.8761	93.8096	inpu1234	IN	book1242	NA	not endangered	Bookkeeping	book1242	language	Wordlist or less	inpu1234:1	NA	Kabui, Kabui Naga, Kapwi, Koboi, Kubai	Inpui	Sino-Tibetan, Tibeto-Burman, Unclassified	India	None known. Considered by some to be the same language as Puimei Naga [npu]. Lexical similarity: 68% with Puimei Naga [npu].	Literacy rate in L2: 70% in English [eng] and in Meitei [mni] (Bengali script) (2000). Literacy high among young people in Meitei and English. Literature. NT: 2011.	India, Map 5	OLAC resources in and about Naga, Inpui	6a (Vigorous).	Home, religion. All ages. Positive attitudes. Most also use Meitei [mni]. Also use English [eng], Rongmei Naga [nbu].	Assam state; Manipur state: Imphal, Senapati, and Tamenglong Imphal districts, 16 villages; Nagaland state: Dimapur, Mahei Namchi, New Zaluke, and Peren.	Kabui recognized as Scheduled Tribe combining Inpui and Rongmei. Christian.	29,200 (2001 census).	29200	NA	Latin script [Latn].	Naga, Inpui
cbm-GTM	cbm-gt	cbm-GT	Yepocapa Southwestern Kaqchikel	Kaqchikel, Yepocapa Southwestern	KAQCHIKEL, YEPOCAPA SOUTHWESTERN	Kaqchikel, Yepocapa Southwestern	cbm	kaqc1271	Kaqchikel, Yepocapa Southwestern	North America	NA	NA	kaqc1271	GT	book1242	NA	NA	Bookkeeping	book1242	language	Wordlist or less	kaqc1271:1	NA	NA	NA	NA	NA	NA	NA	NA	NA	NA	NA	NA	NA	NA	NA	NA	NA	NA
tzc-MEX	tzc-mx	tzc-MX	Chamula Tzotzil	Tzotzil, Chamula	TZOTZIL, CHAMULA	Tzotzil, Chamula	tzc	tzot1262	Tzotzil, Chamula	North America	NA	NA	tzot1262	MX	book1242	NA	NA	Bookkeeping	book1242	language	Wordlist or less	tzot1262:1	NA	NA	NA	NA	NA	NA	NA	NA	NA	NA	NA	NA	NA	NA	NA	NA	NA	NA
pch-IND	pch-in	pch-IN	Pardhan	Pardhan	PARDHAN	Pardhan	pch	pard1245	Pardhan	Eurasia	22.1666	79.7773	pard1245	IN	unat1236	NA	threatened	Unattested	unat1236/drav1252	language	Wordlist or less	pard1245:1	NA	Pradhan, Pradhani	NA	Dravidian, South-Central, Gondi-Kui, Gondi	India	NA	NA	India, Map 6	OLAC resources in and about Pardhan	6b (Threatened).	Also use Hindi [hin], in Madhya Pradesh. Also use Marathi [mar], in Maharashtra.	Chhattisgarh state: Bilaspur, Raipur, and Surguja districts; Madhya Pradesh state: Balaghat, Betul, Chhindwara, Hoshangabad, Jabalpur, Mandla, and Seoni districts; Maharashtra state: Bhandara, Garhchiroli, Nagpur, Wardha, and Yavatmal districts; Telangana state: possibly in Adilbad district.	L1 is Gondi [gon] (Singh 1994b). Hindu.	135,000 (2007). Ethnic population: 347,000.	135000	NA	Unwritten [Qaax].	Pardhan
pry-THA	pry-th	pry-TH	Pray 3	Pray 3	PRAY 3	Pray 3	pry	pray1239	Pray 3	Eurasia	19.4306	101.021	pray1239	LA;TH	book1242	NA	NA	Bookkeeping	book1242	language	Wordlist or less	pray1239:1	NA	NA	NA	NA	NA	NA	NA	NA	NA	NA	NA	NA	NA	NA	NA	NA	NA	NA
ckw-GTM	ckw-gt	ckw-GT	Western Kaqchikel	Kaqchikel, Western	KAQCHIKEL, WESTERN	Kaqchikel, Western	ckw	kaqc1279	Kaqchikel, Western	North America	NA	NA	kaqc1279	GT	book1242	NA	NA	Bookkeeping	book1242	language	Wordlist or less	kaqc1279:1	NA	NA	NA	NA	NA	NA	NA	NA	NA	NA	NA	NA	NA	NA	NA	NA	NA	NA
quu-GTM	quu-gt	quu-GT	Eastern Kiche	Kiche, Eastern	KICHE, EASTERN	K'iche', Eastern	quu	kich1265	K'iche', Eastern	North America	NA	NA	kich1265	GT	book1242	NA	NA	Bookkeeping	book1242	language	Wordlist or less	kich1265:1	NA	NA	NA	NA	NA	NA	NA	NA	NA	NA	NA	NA	NA	NA	NA	NA	NA	NA
kav-BRA	kav-br	kav-BR	Katukina	Katukina	KATUKINA	Katukína	kav	nucl1668	Katukína	South America	-8.19121	-70.3822	nucl1668	BR	book1242	NA	threatened	Bookkeeping	book1242	language	Wordlist or less	nucl1668:1	NA	Catuquina, Katukina do Jutaí, Katukina do Rio Biá, Pidá-Djapá	NA	Katukinan	Brazil	Cutiadapa (Kutia-Dyapa).	NA	NA	OLAC resources in and about Katukína	9 (Dormant).	NA	Acre.	Different from Panoan Katukína [knt] in Amazonas and Acre.	No known L1 speakers. Ethnic population: 590 (2008 FUNASA).	0	NA	NA	Katukína
cti-MEX	cti-mx	cti-MX	Tila Chol	Chol, Tila	CHOL, TILA	Chol, Tila	cti	chol1285	Chol, Tila	North America	NA	NA	chol1285	MX	book1242	NA	NA	Bookkeeping	book1242	language	Wordlist or less	chol1285:1	NA	NA	NA	NA	NA	NA	NA	NA	NA	NA	NA	NA	NA	NA	NA	NA	NA	NA
tzu-MEX	tzu-mx	tzu-MX	Huixtan Tzotzil	Tzotzil, Huixtan	TZOTZIL, HUIXTAN	Tzotzil, Huixtán	tzu	tzot1261	Tzotzil, Huixtán	North America	NA	NA	tzot1261	MX	book1242	NA	NA	Bookkeeping	book1242	language	Wordlist or less	tzot1261:1	NA	NA	NA	NA	NA	NA	NA	NA	NA	NA	NA	NA	NA	NA	NA	NA	NA	NA
mtz-GTM	mtz-gt	mtz-GT	Tacanec	Tacanec	TACANEC	Tacanec	mtz	taca1258	Tacanec	North America	NA	NA	taca1258	GT;MX	book1242	NA	NA	Bookkeeping	book1242	language	Wordlist or less	taca1258:1	NA	NA	NA	NA	NA	NA	NA	NA	NA	NA	NA	NA	NA	NA	NA	NA	NA	NA
noo-CAN	noo-ca	noo-CA	Nootka	Nootka	NOOTKA	Nootka	noo	noot1239	Nootka	North America	49.6212	-126.086	noot1239	CA	book1242	NA	NA	Bookkeeping	book1242	language	Wordlist or less	noot1239:1	NA	NA	NA	NA	NA	NA	NA	NA	NA	NA	NA	NA	NA	NA	NA	NA	NA	NA
cno-LAO	cno-la	cno-LA	Con	Con	CON	Con	cno	cona1234	Con	Eurasia	20.6442	100.904	cona1234	LA	book1242	NA	threatened	Bookkeeping	book1242	language	NA	cona1234:1	NA	NA	NA	Austro-Asiatic, Mon-Khmer, Northern Mon-Khmer, Palaungic, Eastern Palaungic, Lametic	Laos	NA	NA	Laos	OLAC resources in and about Con	6a (Vigorous).	NA	Bokeo province: Meung district; Luang Namtha province: southwest of Vieng Pou Kha.	NA	1,000 (Wurm and Hattori 1981).	1000	NA	Unwritten [Qaax].	Con
mvj-GTM	mvj-gt	mvj-GT	Todos Santos Cuchumatan Mam	Mam, Todos Santos Cuchumatan	MAM, TODOS SANTOS CUCHUMATAN	Mam, Todos Santos Cuchumatán	mvj	mamt1235	Mam, Todos Santos Cuchumatán	North America	NA	NA	mamt1235	GT;MX	book1242	NA	NA	Bookkeeping	book1242	language	Wordlist or less	mamt1235:1	NA	NA	NA	NA	NA	NA	NA	NA	NA	NA	NA	NA	NA	NA	NA	NA	NA	NA
mvj-MEX	mvj-mx	mvj-MX	Todos Santos Mam	Mam, Todos Santos	MAM, TODOS SANTOS	Mam, Todos Santos	mvj	mamt1235	Mam, Todos Santos Cuchumatán	North America	NA	NA	mamt1235	GT;MX	book1242	NA	NA	Bookkeeping	book1242	language	Wordlist or less	mamt1235:1	NA	NA	NA	NA	NA	NA	NA	NA	NA	NA	NA	NA	NA	NA	NA	NA	NA	NA
jai-GTM	jai-gt	jai-GT	Western Jakalteko	Jakalteko, Western	JAKALTEKO, WESTERN	Jakalteko, Western	jai	jaka1246	Jakalteko, Western	North America	NA	NA	jaka1246	GT;MX	book1242	NA	NA	Bookkeeping	book1242	language	Wordlist or less	jaka1246:1	NA	NA	NA	NA	NA	NA	NA	NA	NA	NA	NA	NA	NA	NA	NA	NA	NA	NA
nxu-IDN	nxu-id	nxu-ID	Narau	Narau	NARAU	Narau	nxu	nara1265	Narau	Papunesia	-3.43594	139.876	nara1265	ID	book1242	NA	moribund	Bookkeeping	book1242	language	Wordlist or less	nara1265:1	NA	NA	NA	Kaure, Kaure Proper	Indonesia	NA	NA	NA	OLAC resources in and about Narau	Unattested.	NA	NA	2006 survey data indicates language may not exist and could possibly be merged with Kosare [kiq]. Christian, traditional religion.	NA	NA	NA	NA	Narau
mct-CMR	mct-cm	mct-CM	Mengisa	Mengisa	MENGISA	Mengisa	mct	meng1263	Mengisa	Africa	4.5932	11.3947	meng1263	CM	book1242	NA	threatened	Bookkeeping	book1242	language	long grammar	meng1263:1	NA	Mangisa, Mengisa-Njowe, Njowe, Njowi	NA	Niger-Congo, Atlantic-Congo, Volta-Congo, Benue-Congo, Bantoid, Southern, Narrow Bantu, Northwest, A, Ewondo-Fang (A.71)	Cameroon	High exposure to and 97% intelligibility of Ewondo [ewo]. But Ewondo speakers have only 46% with Mengisa. The Mangisa people speak 2 languages: the Mengisa (Njowi) [mct], spoken in the Lekie division, and Leti [leo], closely related to, and perhaps a dialect of, Tuki [bag]. Eton [eto], the A70 variety reportedly most similar to Mengisa (Njowi) is 90% cognate with Mengisa, but a lower comprehension level (91%) (1990 D. Hatfield and C. Regnier). Lexical similarity: 90%–91% with Eton [eto], 81%–97% with Ewondo [ewo] (Risnes 1989).	No literacy program in place. Radio.	Southern Cameroon	OLAC resources in and about Mengisa	6b (Threatened).	Children losing L1 capability, even in the village. Much intermarriage with Eton [eto], Ewondo [ewo] and certain Mbam languages. Children highly bilingual. Home, with other Mengisa, markets. All ages. Mixed attitudes. Also use Eton [etn], Ewondo [ewo]. Used as L2 by Leti [leo].	Centre region: Lekié division, Sa’a subdivision, Sanaga river bend area between the river and Sa’a.	The Mangisa people speak 2 languages: Mengisa (Njowi) and Leti [leo]. Christian.	20,000 (1979 SIL), decreasing.	20000	NA	Latin script [Latn].	Mengisa
vlr-VUT	vlr-vu	vlr-NH	Vatrata	Vatrata	VATRATA	Vatrata	vlr	vatr1237	Vatrata	Papunesia	-13.83	167.42	vatr1237	VU	book1242	NA	NA	Bookkeeping	book1242	language	Wordlist or less	vatr1237:1	NA	NA	NA	NA	NA	NA	NA	NA	NA	NA	NA	NA	NA	NA	NA	NA	NA	NA
ckc-GTM	ckc-gt	ckc-GT	Northern Kaqchikel	Kaqchikel, Northern	KAQCHIKEL, NORTHERN	Kaqchikel, Northern	ckc	kaqc1275	Kaqchikel, Northern	North America	NA	NA	kaqc1275	GT	book1242	NA	NA	Bookkeeping	book1242	language	Wordlist or less	kaqc1275:1	NA	NA	NA	NA	NA	NA	NA	NA	NA	NA	NA	NA	NA	NA	NA	NA	NA	NA
bpo-IDN	bpo-id	bpo-ID	Anasi	Anasi	ANASI	Anasi	bpo	anas1239	Anasi	Papunesia	-1.73908	137.716	anas1239	ID	book1242	NA	threatened	Bookkeeping	book1242	language	Wordlist or less	anas1239:1	NA	Bapu	NA	East Geelvink Bay	Indonesia	NA	NA	Indonesia, Eastern Papua	OLAC resources in and about Anasi	6a (Vigorous).	NA	Papua province: Jayapura regency, Mamberamo Hilir sub-district on north coast, lower west bank Mamberamo river.	Christian, traditional religion.	2,000 (1993 R. Doriot).	2000	NA	NA	Anasi
gok-IND	gok-in	gok-IN	Gowli	Gowli	GOWLI	Gowli	gok	gowl1241	Gowli	Eurasia	21.7726	77.3733	gowl1241	IN	book1242	NA	not endangered	Bookkeeping	book1242	language	Wordlist or less	gowl1241:1	NA	Nand	NA	Indo-European, Indo-Iranian, Indo-Aryan, Western Hindi, Unclassified	India	Nand, Ranya, Lingaayat, Khamla. Nand subdialects have 93% or higher intelligibility with Khamla dialect. Dialect used in Madhya Pradesh appears more similar to Marathi [mar] (Southern zone) than to Hindi [hin] (Central zone). Lexical similarity: 84%–92% between the Ranya and Nand dialects.	Literacy rate in L2: 5%–15%.	India, Map 6	OLAC resources in and about Gowli	6a (Vigorous).	Home. Also use Hindi [hin], Marathi [mar].	Madhya Pradesh state; Maharashtra state: Amravati district.	Speakers belong to Gowli caste. 1 and a half subgroups; Nand Gowli the highest, Musalman (the half tribe) the lowest. Surrounded by Korku [kfq]. Hindu, traditional religion.	35,000 (IMA 1997).	35000	NA	Devanagari script [Deva].	Gowli
tzt-GTM	tzt-gt	tzt-GT	Western Tzutujil	Tzutujil, Western	TZUTUJIL, WESTERN	Tz'utujil, Western	tzt	tzut1249	Tz'utujil, Western	North America	NA	NA	tzut1249	GT	book1242	NA	NA	Bookkeeping	book1242	language	Wordlist or less	tzut1249:1	NA	NA	NA	NA	NA	NA	NA	NA	NA	NA	NA	NA	NA	NA	NA	NA	NA	NA
lmm-KHM	lmm-kh	lmm-CB	Lamam	Lamam	LAMAM	Lamam	lmm	lama1290	Lamam	Eurasia	14.3658	107.336	lama1290	KH	book1242	NA	NA	Bookkeeping	book1242	language	Wordlist or less	lama1290:1	NA	NA	NA	NA	NA	NA	NA	NA	NA	NA	NA	NA	NA	NA	NA	NA	NA	NA
kvs-AUS	kvs-au	kvs-AS	Kunggara	Kunggara	KUNGGARA	Kunggara	kvs	kung1262	Kunggara	Australia	-17.62553	141.1441	kung1262	AU	book1242	NA	nearly extinct	Bookkeeping	book1242	language	Wordlist or less	kung1262:1	NA	NA	NA	NA	NA	NA	NA	NA	NA	NA	NA	NA	NA	NA	NA	NA	NA	NA
sxm-KHM	sxm-kh	sxm-CB	Samre	Samre	SAMRE	Samre	sxm	samr1245	Samre of Siem Reap	Eurasia	13.479	103.978	samr1245	KH	book1242	NA	nearly extinct	Bookkeeping	book1242	language	Wordlist or less	samr1245:1	NA	NA	NA	Austro-Asiatic, Mon-Khmer, Eastern Mon-Khmer, Pearic, Western, Samre	Cambodia	NA	Grammar.	NA	OLAC resources in and about Samre	9 (Dormant).	Shifting to Khmer [khm].	Siem Reap province: Siem Reap town area north of Lake Sap.	NA	No known L1 speakers. Ethnic population: 200 (2000 D. Bradley).	0	NA	Unwritten [Qaax].	Samre
tzz-MEX	tzz-mx	tzz-MX	Zinacantan Tzotzil	Tzotzil, Zinacantan	TZOTZIL, ZINACANTAN	Tzotzil, Zinacantán	tzz	tzot1264	Tzotzil, Zinacantán	North America	NA	NA	tzot1264	MX	book1242	NA	NA	Bookkeeping	book1242	language	grammar sketch	tzot1264:1	NA	NA	NA	NA	NA	NA	NA	NA	NA	NA	NA	NA	NA	NA	NA	NA	NA	NA
kyv-NPL	kyv-np	kyv-NP	Kayort	Kayort	KAYORT	Kayort	kyv	kayo1247	Kayort	Eurasia	26.6179	87.6042	kayo1247	NP	book1242	NA	threatened	Bookkeeping	book1242	language	NA	kayo1247:1	NA	Kayort	NA	Indo-European, Indo-Iranian, Indo-Aryan, Outer Languages, Eastern, Bengali-Assamese	Nepal	None known. Ostensibly related to Bengali [ben].	NA	NA	OLAC resources in and about Kewat	6b (Threatened).	NA	Kosi zone: Morang district.	No known published or survey-based attestation for this as a separate language variety.	22,000 (2002). Ethnic population: 154,000 (2011 census).	22000	NA	Unwritten [Qaax].	Kewat
npu-IND	npu-in	npu-IN	Puimei Naga	Naga, Puimei	NAGA, PUIMEI	Naga, Puimei	npu	puim1234	Puimei Naga	Eurasia	25.2973	93.7344	puim1234	IN	book1242	NA	not endangered	Bookkeeping	book1242	language	Wordlist or less	puim1234:1	NA	Puimei	NA	Sino-Tibetan, Tibeto-Burman, Unclassified	India	None known. Different from Poumei Naga [pmx] (Breton 1997:217). Not functionally intelligible of any related language (Khasung). Lexical similarity: 68% with Inpui Naga [nkf].	NA	India, Map 5	OLAC resources in and about Naga, Puimei	6a (Vigorous).	NA	Assam and Manipur states.	Were assigned as part of Rongmei Naga [nbu]. Christian, traditional religion.	3,000 (2001). Mostly monolingual. Ethnic population: 3,000.	3000	NA	Latin script [Latn].	Naga, Puimei
blg-MYS	blg-my	blg-MY	Balau	Balau	BALAU	Balau	blg	bala1306	Balau	Papunesia	1.33476	110.913	bala1306	MY	book1242	NA	threatened	Bookkeeping	book1242	language	NA	bala1306:1	NA	Bala’u	NA	Austronesian, Malayo-Polynesian, Malayo-Chamic, Malayic, Ibanic	Malaysia	May be a dialect of Iban [iba].	NA	Brunei and Malaysia - Sarawak	OLAC resources in and about Balau	6b (Threatened).	NA	Sarawak: southeast of Simunjan.	View themselves as a distinct ethnic group.	5,000 (Wurm and Hattori 1981).	5000	NA	Unwritten [Qaax].	Balau
kyp-CHN	kyp-cn	kyp-CH	Kang	Kang	KANG	Kang	kyp	kang1282	Kang	Eurasia	22.4373	100.671	kang1282	CN;LA	book1242	NA	not endangered	Bookkeeping	book1242	language	Wordlist or less	kang1282:1	{u'View other languages of China': {}}	Tai Khang	NA	Tai-Kadai, Kam-Tai, Kam-Sui	Laos	NA	NA	Southwestern China	OLAC resources in and about Kang	6a (Vigorous).	NA	Houaphan and Xiangkhoang provinces.	NA	47,600 (1995 census). Total users in all countries: 81,700.	81700	NA	Unwritten [Qaax].	Kang
poa-GTM	poa-gt	poa-GT	Eastern Poqomam	Poqomam, Eastern	POQOMAM, EASTERN	Poqomam, Eastern	poa	poqo1257	Poqomam, Eastern	North America	NA	NA	poqo1257	GT	book1242	NA	NA	Bookkeeping	book1242	language	Wordlist or less	poqo1257:1	NA	NA	NA	NA	NA	NA	NA	NA	NA	NA	NA	NA	NA	NA	NA	NA	NA	NA
bbx-CMR	bbx-cm	bbx-CM	Bubia	Bubia	BUBIA	Bubia	bbx	bubi1249	Bubia	Africa	4.02178	9.22304	bubi1249	CM	book1242	NA	moribund	Bookkeeping	book1242	language	Wordlist or less	bubi1249:1	NA	Bobe, Bobea, Bota, Ewota, Wovea, Wuvia	NA	Niger-Congo, Atlantic-Congo, Volta-Congo, Benue-Congo, Bantoid, Southern, Narrow Bantu, Northwest, A, Bubi-Benga (A.31)	Cameroon	None known. Closely related to Bube [bvb].	NA	Southern Cameroon	OLAC resources in and about Bubia	6a (Vigorous).	Also use Duala [dua].	South West region: Fako division, Limbé subdivision, Wovea village.	NA	600 (Voegelin and Voegelin 1977).	600	10 noun classes; 21 consonant and 7 vowel phonemes; tonal.	NA	Bubia
llo-LAO	llo-la	llo-LA	Khlor	Khlor	KHLOR	Khlor	llo	khlo1239	Khlor	Eurasia	15.6415	106.606	khlo1239	LA	book1242	NA	threatened	Bookkeeping	book1242	language	Wordlist or less	khlo1239:1	NA	Klor, Lor	NA	Austro-Asiatic, Mon-Khmer, Eastern Mon-Khmer, Katuic, East Katuic, Ngeq-Nkriang	Laos	None known. Reportedly most similar to Kriang [ngt].	NA	Laos	OLAC resources in and about Khlor	6b (Threatened).	People tending toward Lao [lao] use (2011).	Salavan province: Laongam district; Xekong province.	Traditional religion.	6,000 (Wurm and Hattori 1981).	6000	NA	NA	Khlor
bkg-CAF	bkg-cf	bkg-CT	Buraka	Buraka	BURAKA	Buraka	bkg	bura1269	Buraka	Africa	4.42283	20.7161	bura1269	CF;CD	book1242	NA	threatened	Bookkeeping	book1242	language	NA	bura1269:1	{u'View other languages of Democratic Republic of the Congo': {}}	Bolaka, Boraka, Bouraka	NA	Niger-Congo, Atlantic-Congo, Volta-Congo, North, Adamawa-Ubangi, Ubangi, Sere-Ngbaka-Mba, Ngbaka-Mba, Ngbaka, Western, Gbanzili	Central African Republic	None known. May not be inherently intelligible with Gbanziri [gbg].	NA	Northern Democratic Republic of Congo	OLAC resources in and about Buraka	6a (Vigorous).	NA	Basse-Kotto prefecture: Mobaye subprefecture, along Ubangi river.	NA	2,500 (1996). Total users in all countries: 3,800.	3800	NA	Unwritten [Qaax].	Buraka
adu-NGA	adu-ng	adu-NI	Aduge	Aduge	ADUGE	Aduge	adu	adug1238	Aduge	Africa	7.64567	6.13085	adug1238	NG	book1242	NA	threatened	Bookkeeping	book1242	language	Wordlist or less	adug1238:1	NA	NA	NA	Niger-Congo, Atlantic-Congo, Volta-Congo, Benue-Congo, Edoid, Northwestern	Nigeria	NA	Grammar.	Nigeria, Map 6	OLAC resources in and about Aduge	6a (Vigorous).	NA	Kogi state: Oyi LGA.	NA	1,900 (Crozier and Blench 1992).	1900	NA	NA	Aduge
irr-LAO	irr-la	irr-LA	Ir	Ir	IR	Ir	irr	irrr1240	Ir	Eurasia	15.7188	106.564	irrr1240	LA	book1242	NA	not endangered	Bookkeeping	book1242	language	NA	irrr1240:1	NA	In, Yiir, Yir	NA	Austro-Asiatic, Mon-Khmer, Eastern Mon-Khmer, Katuic, Central Katuic, Ta’oih	Laos	None known. Reportedly most similar to Ong [oog].	NA	Laos	OLAC resources in and about Ir	6a (Vigorous).	NA	Salavan province: east of Salavan town.	Traditional religion.	4,420 (2000).	4420	NA	NA	Ir
wrd-AFG	wrd-af	wrd-AF	Warduji	Warduji	WARDUJI	Warduji	wrd	ward1243	Warduji	Eurasia	36.6083	71.1475	ward1243	AF	book1242	NA	not endangered	Bookkeeping	book1242	language	NA	ward1243:1	NA	NA	NA	Unclassified	Afghanistan	Probably a Dari [prs] dialect.	Literacy rate in L2: 5%–15%.	Afghanistan	OLAC resources in and about Warduji	6a (Vigorous).	NA	Badakhshan province: Werdoge river area west of Ishkashim.	Muslim.	5,000 (1994).	5000	NA	Unwritten [Qaax].	Warduji
sik-BRA	sik-br	sik-BR	Sikiana	Sikiana	SIKIANA	Sikiana	sik	siki1239	Sikiana	South America	3.01294	-57.9221	siki1239	BR;SR;VE	book1242	NA	shifting	Bookkeeping	book1242	language	Wordlist or less	siki1239:1	{u'View other languages of Suriname': {}}	Chikena, Chiquena, Chiquiana, Shikiana, Sikiâna, Sikïiyana, Xikiyana, Xikujana	NA	Cariban, Kashuyana	Brazil	None known. Reportedly similar to Salumá [slj].	NA	Northeastern Brazil	OLAC resources in and about Sikiana	8a (Moribund).	Also use Waiwai [waw] (Crevels 2007).	Pará state: between Rio Cafuini and headwaters of the Turuna and Itapi, near the Suriname border.	NA	33 (1986 SIL). Total users in all countries: 48.	48	NA	NA	Sikiana
ynh-GAB	ynh-ga	ynh-GB	Yangho	Yangho	YANGHO	Yangho	ynh	yang1292	Yangho	Africa	-1.92218	13.0213	yang1292	GA	book1242	NA	NA	Bookkeeping	book1242	language	Wordlist or less	yang1292:1	NA	NA	NA	NA	NA	NA	NA	NA	NA	NA	NA	NA	NA	NA	NA	NA	NA	NA
sik-VEN	sik-ve	sik-VE	Sikiana	Sikiana	SIKIANA	Sikiana	sik	siki1239	Sikiana	South America	3.01294	-57.9221	siki1239	BR;SR;VE	book1242	NA	shifting	Bookkeeping	book1242	language	Wordlist or less	siki1239:1	{u'View other languages of Suriname': {}}	Chikena, Chiquena, Chiquiana, Shikiana, Sikiâna, Sikïiyana, Xikiyana, Xikujana	NA	Cariban, Kashuyana	Brazil	None known. Reportedly similar to Salumá [slj].	NA	Northeastern Brazil	OLAC resources in and about Sikiana	8a (Moribund).	Also use Waiwai [waw] (Crevels 2007).	Pará state: between Rio Cafuini and headwaters of the Turuna and Itapi, near the Suriname border.	NA	33 (1986 SIL). Total users in all countries: 48.	48	NA	NA	Sikiana
ctc-USA	ctc-us	ctc-US	Chetco	Chetco	CHETCO	Chetco	ctc	chet1237	Chetco	North America	42.6864	-124.376	chet1237	US	book1242	NA	extinct	Bookkeeping	book1242	language	NA	chet1237:1	NA	NA	NA	Eyak-Athabaskan, Athabaskan, Pacific Coast Athabaskan, Oregon Athabaskan, Tolowa-Chetco	United States	NA	NA	Western United States of America	OLAC resources in and about Chetco	8b (Nearly extinct).	Shifted to English [eng].	Oregon: south coast.	NA	5 (Chafe 1962), decreasing. Ethnic population: 100 (1977 SIL).	5	NA	NA	Chetco
ibi-NGA	ibi-ng	ibi-NI	Ibilo	Ibilo	IBILO	Ibilo	ibi	ibil1238	Ibilo	Africa	7.42662	6.08384	ibil1238	NG	book1242	NA	NA	Bookkeeping	book1242	language	Wordlist or less	ibil1238:1	NA	NA	NA	NA	NA	NA	NA	NA	NA	NA	NA	NA	NA	NA	NA	NA	NA	NA
sca-MMR	sca-mm	sca-BM	Sansu	Sansu	SANSU	Sansu	sca	sans1276	Sansu	Eurasia	21.6402	100.099	sans1276	MM	book1242	NA	NA	Bookkeeping	book1242	language	Wordlist or less	sans1276:1	NA	NA	NA	NA	NA	NA	NA	NA	NA	NA	NA	NA	NA	NA	NA	NA	NA	NA
kso-NGA	kso-ng	kso-NI	Kofa	Kofa	KOFA	Kofa	kso	kofa1236	Kofa	Africa	9.76068	12.8757	kofa1236	NG	book1242	NA	threatened	Bookkeeping	book1242	language	NA	kofa1236:1	NA	Kota	NA	Afro-Asiatic, Chadic, Biu-Mandara, A, A.2, 1	Nigeria	None known. Reportedly a separate language from Bura-Pabir [bwr].	NA	Nigeria, Map 5	OLAC resources in and about Kofa	6a (Vigorous).	NA	Adamawa state: Song LGA, north of Belul road, north of Yola.	NA	1,100 (2003).	1100	NA	NA	Kofa
lay-MMR	lay-mm	lay-BM	Lama	Lama	LAMA	Lama	lay	lama1289	Lama (Myanmar)	Eurasia	27.6237	98.4694	lama1289	MM	book1242	NA	not endangered	Bookkeeping	book1242	language	Wordlist or less	lama1289:1	NA	Lama, Lan-Bi Bai, Nama, Northern Bai	NA	Sino-Tibetan, Tibeto-Burman, Northeastern Tibeto-Burman, Bai	China	NA	NA	Southwestern China	OLAC resources in and about Bai, Lama	6a (Vigorous). Language of recognized nationality: Bai.	NA	Yunnan province: Diqing Tibetan autonomous prefecture; Nujiang Lisu autonomous prefecture, Lanping Bai Pumi autonomous county, Hexi district, Lajing township; mountain area of Lancang river.	Classification difficult due to heavy borrowing (60%–70%) from Chinese. Northern Bai comprises two separate languages, Panyi [bfc] and Lama. Traditional religion, Buddhist, Daoist.	60,000 (1995).	60000	SVO.	NA	Bai, Lama
dzd-NGA	dzd-ng	dzd-NI	Daza	Daza	DAZA	Daza	dzd	daza1244	Daza	Africa	10.11845	10.48652	daza1244	NG	unat1236	NA	NA	Unattested	unat1236/afro1259	language	Wordlist or less	(bara1395:1,fika1238:1)daza1244:1	NA	NA	NA	NA	NA	NA	NA	NA	NA	NA	NA	NA	NA	NA	NA	NA	NA	NA
tmk-NPL	tmk-np	tmk-NP	Northwestern Tamang	Tamang, Northwestern	TAMANG, NORTHWESTERN	Tamang, Northwestern	tmk	nort3144	Northwestern Tamang	Eurasia	27.9087	85.1648	nort3144	NP	book1242	NA	not endangered	Bookkeeping	book1242	language	NA	nort3144:1	NA	Kath-Bhotiya, Lama Bhote, Murmi, Rongba, Sain, Tamang Gyoi, Tamang Gyot, Tamang Lengmo, Tamang Tam	NA	Sino-Tibetan, Tibeto-Burman, Western Tibeto-Burman, Bodish, West Bodish, Gurung-Tamang, Tamang	Nepal	Dhading. All Western Tamang varieties have high mutual intelligibility. Lexical similarity: 94% with Western Trisuli Tamang [tdg], 82%–83% with Western Rasuwa Tamang [tdg], 76%–77% with Eastern Gorkha Tamang [tge], 72%–80% with Eastern Tamang [taj].	Literacy rate in L1: 1%–10%. Literacy rate in L2: 25%–75%. Taught in primary schools. Literature. Newspapers. Periodicals. Radio. Dictionary. Texts. NT: 1990.	Eastern Nepal	OLAC resources in and about Tamang, Northwestern	6a (Vigorous). Language of recognized indigenous nationality: Tamang.	Home; mixed use: Friends, religion, work, education. All ages. Positive attitudes. Also use Central Tibetan [bod], in religious contexts. Also use Nepali [npi], in official contexts.	Bagmati zone: Nuwakot district, central mountainous strip.	Traditional religion, Buddhist.	67,200 (2011 census), increasing. Population for all Tamang varieties: 1,350,000 (2011 census).	67200	SOV; postpositions; noun head both initial and final; no noun classes or gender; no prefixes, up to 4 suffixes; clause constituents indicated by case-marking; ergativity; genitives after noun head; relatives before noun head; question word medial; tense and aspect; no passives or voice; CV, CVC, CCV, V, CCVC, CVCCC; tonal; 25 consonant and 5 vowel phonemes.	Devanagari script [Deva].	Tamang, Northwestern
kgh-PHL	kgh-ph	kgh-RP	Upper Tanudan Kalinga	Kalinga, Upper Tanudan	KALINGA, UPPER TANUDAN	Kalinga, Upper Tanudan	kgh	uppe1424	Upper Tanudan Kalinga	Papunesia	17.2143	121.202	uppe1424	PH	book1242	NA	NA	Bookkeeping	book1242	language	Wordlist or less	uppe1424:1	NA	NA	NA	NA	NA	NA	NA	NA	NA	NA	NA	NA	NA	NA	NA	NA	NA	NA
adp-BTN	adp-bt	adp-BT	Adap	Adap	ADAP	Adap	adp	adap1234	Adap	Eurasia	27.141	90.3369	adap1234	BT	book1242	NA	NA	Bookkeeping	book1242	language	Wordlist or less	adap1234:1	NA	NA	NA	NA	NA	NA	NA	NA	NA	NA	NA	NA	NA	NA	NA	NA	NA	NA
yma-NPL	yma-np	yma-NP	Yamphe	Yamphe	YAMPHE	Yamphe	yma	yamp1243	Yamphe	Eurasia	27.6069	87.1309	yamp1243	NP	book1242	NA	NA	Bookkeeping	book1242	language	Wordlist or less	yamp1243:1	NA	NA	NA	NA	NA	NA	NA	NA	NA	NA	NA	NA	NA	NA	NA	NA	NA	NA
jrt-NGA	jrt-ng	jrt-NI	Jorto	Jorto	JORTO	Jorto	jrt	jort1240	Jorto	Africa	8.93055	9.42486	jort1240	NG	book1242	NA	not endangered	Bookkeeping	book1242	language	Wordlist or less	jort1240:1	NA	NA	NA	Afro-Asiatic, Chadic, West, A, A.3, Angas Proper, 1	Nigeria	NA	NA	Nigeria, Map 3	OLAC resources in and about Jorto	6a (Vigorous).	NA	Plateau state: Shendam LGA, Dokan Kasuwa.	NA	17,300 (2000).	17300	NA	NA	Jorto
xao-VNM	xao-vn	xao-VM	Khao	Khao	KHAO	Khao	xao	khao1244	Khao	Eurasia	21.4543	103.467	khao1244	VN	book1242	NA	not endangered	Bookkeeping	book1242	language	NA	khao1244:1	NA	NA	NA	Austro-Asiatic, Mon-Khmer, Northern Mon-Khmer, Khmuic, Khao	Viet Nam	None known. Related to Bit [bgk] in Laos and China.	NA	Northwestern Viet Nam	OLAC resources in and about Khao	6a (Vigorous). Language of recognized ethnic group: Xinh Mun. population 23,278 (2009 census).	NA	Northwest; Son La and Dien Bien provinces, near Ma River, north of Pa Ma.	NA	10,000 (Wurm and Hattori 1981).	10000	NA	NA	Khao
pok-BRA	pok-br	pok-BR	Pokanga	Pokanga	POKANGA	Pokangá	pok	poka1242	Pokangá	South America	0.35794	-69.5607	poka1242	BR	book1242	NA	moribund	Bookkeeping	book1242	language	NA	poka1242:1	NA	Bara Sona, Barasano, Bará, Bará-Tukano, Pakang, Pokangá-Tapuya, Waipínõmakã	NA	Tucanoan, Eastern Tucanoan, Bará-Tuyuka	Brazil	NA	NA	Northwestern Brazil	OLAC resources in and about Pokangá	7 (Shifting).	Also use Tucano [tuo], Waimaha [bao].	Amazonas state: Upper Tiquie, tributary of Vaupés.	May be the same as Barasana [bsn] or Waimaha [bao] (Northern Barasano, Bará).	100 (1983 SIL). Ethnic population: 300 (1988 ISA).	100	NA	NA	Pokangá
kym-CAF	kym-cf	kym-CT	Kpatili	Kpatili	KPATILI	Kpatili	kym	kpat1244	Kpatili	Africa	5.17203	21.8594	kpat1244	CF	book1242	NA	shifting	Bookkeeping	book1242	language	Wordlist or less	kpat1244:1	NA	Kpatere, Kpatiri, Ngindere	NA	Niger-Congo, Atlantic-Congo, Volta-Congo, North, Adamawa-Ubangi, Ubangi, Zande, Zande-Nzakara	Central African Republic	None known. Not intelligible with Gbayi [gyg], who are ethnically Kpatili.	NA	Central African Republic	OLAC resources in and about Kpatili	6a (Vigorous).	Also use Nzakara [nzk] (Dimmendaal and Voeltz 2007).	Basse-Kotto prefecture: south Mingala subprefecture; Mbomou prefecture: Bakouma subprefecture.	NA	4,500 (1996).	4500	NA	Unwritten [Qaax].	Kpatili
ksa-NGA	ksa-ng	ksa-NI	Shuwa-Zamani	Shuwa-Zamani	SHUWA-ZAMANI	Shuwa-Zamani	ksa	shuw1238	Shuwa-Zamani	Africa	12.25	14	shuw1238	NG	unat1236	NA	threatened	Unattested	unat1236/atla1280	language	Wordlist or less	shuw1238:1	NA	Kauru, Kuzamani, Rishuwa	NA	Niger-Congo, Atlantic-Congo, Volta-Congo, Benue-Congo, Kainji, Eastern, Northern Jos, Kauru	Nigeria	NA	NA	Nigeria, Map 2	OLAC resources in and about Shuwa-Zamani	6a (Vigorous).	NA	Kaduna state: Kajuru LGA.	NA	1,000 (1973 SIL).	1000	NA	NA	Shuwa-Zamani
geg-NGA	geg-ng	geg-NI	Gengle	Gengle	GENGLE	Gengle	geg	geng1243	Gengle	Africa	8.8956	11.9527	geng1243	NG	book1242	NA	not endangered	Bookkeeping	book1242	language	Wordlist or less	geng1243:1	NA	Momu, Wegele, Yagele	NA	Niger-Congo, Atlantic-Congo, Volta-Congo, North, Adamawa-Ubangi, Adamawa, Leko-Nimbari, Mumuye-Yandang, Mumuye	Nigeria	NA	NA	Nigeria, Map 5	OLAC resources in and about Gengle	6a (Vigorous).	Also use Hausa [hau]. Used as L2 by Kugama [kow], Teme [tdo].	Adamawa state: Mayo Belwa and Fufore LGAs.	Not the same as Gongla [mzm]. Traditional religion, Christian, Muslim.	4,000.	4000	NA	NA	Gengle
qxi-GTM	qxi-gt	qxi-GT	San Andres Kiche	Kiche, San Andres	KICHE, SAN ANDRES	K'iche', San Andrés	qxi	kich1263	K'iche', San Andrés	North America	NA	NA	kich1263	GT	book1242	NA	NA	Bookkeeping	book1242	language	Wordlist or less	kich1263:1	NA	NA	NA	NA	NA	NA	NA	NA	NA	NA	NA	NA	NA	NA	NA	NA	NA	NA
kch-NGA	kch-ng	kch-NI	Vono	Vono	VONO	Vono	kch	vono1238	Vono	Africa	10.4357	8.20774	vono1238	NG	unat1236	NA	threatened	Unattested	unat1236/atla1280	language	Wordlist or less	vono1238:1	NA	Kiballo, Kiwollo	NA	Niger-Congo, Atlantic-Congo, Volta-Congo, Benue-Congo, Kainji, Eastern, Northern Jos, Kauru	Nigeria	NA	NA	Nigeria, Map 2	OLAC resources in and about Vono	6a (Vigorous).	NA	Kaduna state: Saminaka LGA.	NA	500 (1973 SIL).	500	NA	NA	Vono
dwl-MLI	dwl-ml	dwl-ML	Walo Kumbe Dogon	Dogon, Walo Kumbe	DOGON, WALO KUMBE	Dogon, Walo Kumbe	dwl	walo1239	Walo Kumbe Dogon	Africa	NA	NA	walo1239	ML	book1242	NA	NA	Bookkeeping	book1242	language	Wordlist or less	walo1239:1	NA	NA	NA	NA	NA	NA	NA	NA	NA	NA	NA	NA	NA	NA	NA	NA	NA	NA
lau-IDN	lau-id	lau-ID	Laba	Laba	LABA	Laba	lau	laba1241	Laba	Papunesia	1.66675	127.583	laba1241	ID	book1242	NA	threatened	Bookkeeping	book1242	language	Wordlist or less	laba1241:1	NA	Kedi, South Loloda	NA	West Papuan, North Halmahera, Galela-Loloda	Indonesia	None known. Phonology like Galela [gbi], 70% intelligibility, 75% of Loloda [loa]. Lexical similarity: 75% with Galela [gbi], 78% with Loloda [loa].	NA	Indonesia, Northern Maluku	OLAC resources in and about Laba	6a (Vigorous).	NA	Maluku Utara province: south Loloda district, 4 villages; Halmahera island northwest interior.	Christian.	2,000 (1991 SIL).	2000	NA	NA	Laba
kkn-CHN	kkn-cn	kkn-CH	Kon Keu	Kon Keu	KON KEU	Kon Keu	kkn	konk1268	Kon Keu	Eurasia	21.6369	100.278	konk1268	CN	book1242	NA	threatened	Bookkeeping	book1242	language	NA	konk1268:1	NA	Kong Ge, Kongge	NA	Austro-Asiatic, Mon-Khmer, Northern Mon-Khmer, Palaungic, Eastern Palaungic, Angkuic	China	NA	Literacy rate in L2: 77%.	Southwestern China	OLAC resources in and about Kon Keu	6a (Vigorous). Language of recognized nationality: Blang.	Also use Mandarin Chinese [cmn].	Yunnan province: Baoshan, Dai Lincang, Simao, and Xishuangbanna autonomous prefectures.	Traditional religion.	6,300 (2000).	6300	NA	Unwritten [Qaax].	Kon Keu
kku-NGA	kku-ng	kku-NI	Tumi	Tumi	TUMI	Tumi	kku	tumi1238	Tumi	Africa	10.5113	8.10378	tumi1238	NG	unat1236	NA	shifting	Unattested	unat1236/atla1280	language	Wordlist or less	tumi1238:1	NA	Kitimi, Tutumi	NA	Niger-Congo, Atlantic-Congo, Volta-Congo, Benue-Congo, Kainji, Eastern, Northern Jos, Kauru	Nigeria	NA	NA	Nigeria, Map 2	OLAC resources in and about Tumi	6a (Vigorous).	NA	Kaduna state: Saminaka LGA.	NA	2,270 (2000).	2270	NA	NA	Tumi
ont-PNG	ont-pg	ont-PP	Ontenu	Ontenu	ONTENU	Ontenu	ont	onte1239	Ontenu	Papunesia	-6.45912	145.765	onte1239	PG	book1242	NA	not endangered	Bookkeeping	book1242	language	Wordlist or less	onte1239:1	NA	Ontena	NA	Trans-New Guinea, Kainantu-Goroka, Kainantu, Gadsup-Auyana-Awa	Papua New Guinea	NA	NA	Papua New Guinea, Map 10	OLAC resources in and about Ontenu	6a (Vigorous).	NA	Eastern Highlands province: Kainantu district.	NA	3,000 (1996 SIL).	3000	SOV.	NA	Ontenu
myt-PHL	myt-ph	myt-RP	Sangab Mandaya	Mandaya, Sangab	MANDAYA, SANGAB	Mandaya, Sangab	myt	sang1338	Sangab Mandaya	Papunesia	7.39531	126.409	sang1338	PH	book1242	NA	NA	Bookkeeping	book1242	language	Wordlist or less	sang1338:1	NA	NA	NA	NA	NA	NA	NA	NA	NA	NA	NA	NA	NA	NA	NA	NA	NA	NA
thw-NPL	thw-np	thw-NP	Thudam	Thudam	THUDAM	Thudam	thw	thud1238	Thudam	Eurasia	27.7678	87.6189	thud1238	CN;NP	book1242	NA	not endangered	Bookkeeping	book1242	language	NA	thud1238:1	NA	NA	NA	Sino-Tibetan, Tibeto-Burman, Western Tibeto-Burman, Bodish, Central Bodish, Unclassified	Nepal	None known. Similar to Walungge [ola] in Nepal and to the varieties spoken in the villages of Kudo and Sar in Tibet (Von Fürer-Haimendorf 1975).	NA	Eastern Nepal	OLAC resources in and about Thudam	6a (Vigorous). Language of recognized indigenous nationality: Thudam.	All ages. Some also use Lhomi [lhm], especially older people. Also use Nepali [npi].	Kosi zone: Sankhuwasabha district, Chepuwa VDC, Thudam village.	Culturally akin to the Walungs. Buddhist, Christian.	1,800 (2000).	1800	SOV; postpositions; content q-word in situ; clause constituents indicated by case-marking; ergativity; no passives or voice; tonal.	Unwritten [Qaax].	Thudam
kce-NGA	kce-ng	kce-NI	Kaivi	Kaivi	KAIVI	Kaivi	kce	kaiv1238	Kaivi	Africa	10.4328	8.10795	kaiv1238	NG	unat1236	NA	shifting	Unattested	unat1236/atla1280	language	Wordlist or less	kaiv1238:1	NA	Kaibi	NA	Niger-Congo, Atlantic-Congo, Volta-Congo, Benue-Congo, Kainji, Eastern, Northern Jos, Kauru	Nigeria	NA	NA	Nigeria, Map 2	OLAC resources in and about Kaivi	6a (Vigorous).	NA	Kaduna state: Saminaka LGA.	NA	2,320 (2000).	2320	NA	NA	Kaivi
ids-NGA	ids-ng	ids-NI	Idesa	Idesa	IDESA	Idesa	ids	ides1238	Idesa	Africa	7.34629	6.2929	ides1238	NG	book1242	NA	not endangered	Bookkeeping	book1242	language	Wordlist or less	ides1238:1	NA	NA	NA	Niger-Congo, Atlantic-Congo, Volta-Congo, Benue-Congo, Edoid, Northwestern, Southern	Nigeria	None known. Related to Oloma [olm].	NA	Nigeria, Map 6	OLAC resources in and about Idesa	6a (Vigorous).	NA	Edo state: Owan East LGA, Otuo.	NA	5,690 (2000).	5690	NA	NA	Idesa
lba-MMR	lba-mm	lba-BM	Lui	Lui	LUI	Lui	lba	luia1234	Lui	Eurasia	21.3635	99.6619	luia1234	MM	book1242	NA	extinct	Bookkeeping	book1242	language	Wordlist or less	luia1234:1	NA	Loi, Looe	NA	Sino-Tibetan, Tibeto-Burman, Unclassified	India	NA	NA	NA	OLAC resources in and about Lui	10 (Extinct).	NA	Arunachal Pradesh.	NA	No known L1 speakers.	0	NA	NA	Lui
dbv-NGA	dbv-ng	dbv-NI	Dungu	Dungu	DUNGU	Dungu	dbv	dung1254	Dungu	Africa	10.5043	8.19543	dung1254	NG	unat1236	NA	shifting	Unattested	unat1236/atla1280	language	Wordlist or less	dung1254:1	NA	Dingi, Dungi, Dunjawa, Dwingi	NA	Niger-Congo, Atlantic-Congo, Volta-Congo, Benue-Congo, Kainji, Eastern, Northern Jos, Kauru	Nigeria	NA	NA	Nigeria, Map 2	OLAC resources in and about Dungu	6a (Vigorous).	NA	Kaduna state: Saminaka LGA, Dungi town.	NA	1,100 (2000).	1100	NA	NA	Dungu
wgw-PNG	wgw-pg	wgw-PP	Wagawaga	Wagawaga	WAGAWAGA	Wagawaga	wgw	waga1262	Wagawaga (Retired)	NA	NA	NA	waga1262	NA	book1242	NA	NA	Bookkeeping	book1242	language	Wordlist or less	waga1262:1	NA	NA	NA	NA	NA	NA	NA	NA	NA	NA	NA	NA	NA	NA	NA	NA	NA	NA
ruy-NGA	ruy-ng	ruy-NI	Mala	Mala	MALA	Mala	ruy	mala1471	Mala (Nigeria)	Africa	10.5776	8.09838	mala1471	NG	unat1236	NA	shifting	Unattested	unat1236/atla1280	language	Wordlist or less	mala1471:1	NA	Amala, Rumaiya, Rumaya, Tumala	NA	Niger-Congo, Atlantic-Congo, Volta-Congo, Benue-Congo, Kainji, Eastern, Northern Jos, Kauru	Nigeria	NA	NA	Nigeria, Map 2	OLAC resources in and about Mala	6a (Vigorous).	NA	Kaduna state: Saminaka LGA.	NA	6,630 (2000).	6630	NA	NA	Mala
pgy-NPL	pgy-np	pgy-NP	Pongyong	Pongyong	PONGYONG	Pongyong	pgy	pong1252	Pongyong	Eurasia	26.8613	88.0925	pong1252	NP	book1242	NA	NA	Bookkeeping	book1242	language	Wordlist or less	pong1252:1	NA	NA	NA	NA	NA	NA	NA	NA	NA	NA	NA	NA	NA	NA	NA	NA	NA	NA
ruz-NGA	ruz-ng	ruz-NI	Ruma	Ruma	RUMA	Ruma	ruz	ruma1250	Ruma	Africa	10.571	8.21883	ruma1250	NG	unat1236	NA	shifting	Unattested	unat1236/atla1280	language	Wordlist or less	ruma1250:1	NA	Bagwama, Rurama, Ruruma, Turama	NA	Niger-Congo, Atlantic-Congo, Volta-Congo, Benue-Congo, Kainji, Eastern, Northern Jos, Kauru	Nigeria	NA	NA	Nigeria, Map 2	OLAC resources in and about Ruma	6a (Vigorous).	NA	Kaduna state: Saminaka LGA.	NA	5,090 (2000).	5090	NA	NA	Ruma
ayx-CHN	ayx-cn	ayx-CH	Ayi	Ayi	AYI	Ayi	ayx	ayic1234	Ayi (China)	Eurasia	27.1213	98.8684	ayic1234	CN	book1242	NA	NA	Bookkeeping	book1242	language	Wordlist or less	ayic1234:1	NA	NA	NA	NA	NA	NA	NA	NA	NA	NA	NA	NA	NA	NA	NA	NA	NA	NA
bkg-COD	bkg-cd	bkg-CG	Buraka	Buraka	BURAKA	Buraka	bkg	bura1269	Buraka	Africa	4.42283	20.7161	bura1269	CF;CD	book1242	NA	threatened	Bookkeeping	book1242	language	NA	bura1269:1	{u'View other languages of Democratic Republic of the Congo': {}}	Bolaka, Boraka, Bouraka	NA	Niger-Congo, Atlantic-Congo, Volta-Congo, North, Adamawa-Ubangi, Ubangi, Sere-Ngbaka-Mba, Ngbaka-Mba, Ngbaka, Western, Gbanzili	Central African Republic	None known. May not be inherently intelligible with Gbanziri [gbg].	NA	Northern Democratic Republic of Congo	OLAC resources in and about Buraka	6a (Vigorous).	NA	Basse-Kotto prefecture: Mobaye subprefecture, along Ubangi river.	NA	2,500 (1996). Total users in all countries: 3,800.	3800	NA	Unwritten [Qaax].	Buraka
bcb-SEN	bcb-sn	bcb-SG	Bainouk-Samik	Bainouk-Samik	BAINOUK-SAMIK	Bainouk-Samik	bcb	bain1260	Bainouk-Samik	Africa	12.5053	-15.9969	bain1260	GW;SN	book1242	NA	shifting	Bookkeeping	book1242	language	NA	bain1260:1	NA	NA	NA	Niger-Congo, Atlantic-Congo, Atlantic, Northern, Eastern Senegal-Guinea, Banyun	Senegal	NA	NA	Senegal and The Gambia	OLAC resources in and about Bainouk-Samik	6b (Threatened).	NA	Casamance river south side, mainly Samik area and villages north and east, 20 km east of Ziguinchor.	NA	1,850 (2006 J. Leclerc).	1850	NA	Latin script [Latn].	Bainouk-Samik
mtz-MEX	mtz-mx	mtz-MX	Tacanec	Tacanec	TACANEC	Tacanec	mtz	taca1258	Tacanec	North America	NA	NA	taca1258	GT;MX	book1242	NA	NA	Bookkeeping	book1242	language	Wordlist or less	taca1258:1	NA	NA	NA	NA	NA	NA	NA	NA	NA	NA	NA	NA	NA	NA	NA	NA	NA	NA
nnx-CMR	nnx-cm	nnx-CM	Ngong	Ngong	NGONG	Ngong	nnx	ngon1275	Ngong	Africa	8.78874	13.42855	ngon1275	CM	book1242	NA	nearly extinct	Bookkeeping	book1242	language	Wordlist or less	ngon1275:1	NA	NA	NA	NA	NA	NA	NA	NA	NA	NA	NA	NA	NA	NA	NA	NA	NA	NA
cnm-MEX	cnm-mx	cnm-MX	Ixtatan Chuj	Chuj, Ixtatan	CHUJ, IXTATAN	Chuj, Ixtatán	cnm	chuj1251	Chuj, Ixtatán	North America	NA	NA	chuj1251	GT;MX	book1242	NA	NA	Bookkeeping	book1242	language	Wordlist or less	chuj1251:1	NA	NA	NA	NA	NA	NA	NA	NA	NA	NA	NA	NA	NA	NA	NA	NA	NA	NA
ppr-IDN	ppr-id	ppr-ID	Piru	Piru	PIRU	Piru	ppr	piru1241	Piru	Papunesia	-3.05368	128.197	piru1241	ID	book1242	NA	moribund	Bookkeeping	book1242	language	Wordlist or less	piru1241:1	NA	NA	NA	NA	NA	NA	NA	NA	NA	NA	NA	NA	NA	NA	NA	NA	NA	NA
adb-TLS	adb-tl	adb-TT	Adabe	Adabe	ADABE	Adabe	adb	adab1235	Adabe	Papunesia	-8.22674	125.576	adab1235	ID;TL	book1242	NA	not endangered	Bookkeeping	book1242	language	NA	adab1235:1	NA	Ataura, Atauran, Atauro, Atauru, Raklu Un, Raklu-Un	NA	Trans-New Guinea, West, Timor-Alor-Pantar, Timor	East Timor	Munaseli Pandai, Rahesuk, Raklungu, Resuk. Different from Galolen [gal] dialects on Atauro.	NA	East Timor	OLAC resources in and about Adabe	6a (Vigorous).	NA	Dili district: Atauro island; Timor island north of capital.	NA	5,000 (2010 census).	5000	SOV.	Latin script [Latn].	Adabe
pou-GTM	pou-gt	pou-GT	Southern Poqomam	Poqomam, Southern	POQOMAM, SOUTHERN	Poqomam, Southern	pou	poqo1255	Poqomam, Southern	North America	NA	NA	poqo1255	GT	book1242	NA	NA	Bookkeeping	book1242	language	Wordlist or less	poqo1255:1	NA	NA	NA	NA	NA	NA	NA	NA	NA	NA	NA	NA	NA	NA	NA	NA	NA	NA
std-IND	std-in	std-IN	Sentinel	Sentinel	SENTINEL	Sentinel	std	sent1241	Sentinel	Eurasia	11.553	92.2534	sent1241	IN	unat1236	NA	threatened	Unattested	unat1236	language	Wordlist or less	sent1241:1	NA	Sentinelese	NA	Andamanese, South Andamanese	India	None known. Reportedly similar to Öñge [oon].	NA	India, Map 9	OLAC resources in and about Sentinel	6b (Threatened).	NA	Andaman and Nicobar Islands union territory: Sentinel island east of South Andaman island.	A Scheduled Tribe. Reserved toward outsiders. Traditional religion.	150 (Abbi 2006).	150	NA	Unwritten [Qaax].	Sentinel
ihi-NGA	ihi-ng	ihi-NI	Ihievbe	Ihievbe	IHIEVBE	Ihievbe	ihi	ihie1238	Ihievbe	Africa	7.00917	6.08581	ihie1238	NG	book1242	NA	not endangered	Bookkeeping	book1242	language	NA	ihie1238:1	NA	NA	NA	Niger-Congo, Atlantic-Congo, Volta-Congo, Benue-Congo, Edoid, North-Central	Nigeria	NA	NA	Nigeria, Map 6	OLAC resources in and about Ihievbe	6a (Vigorous).	NA	Edo state: Owan East LGA, northeast of Afuze, Ihievbe Ogbe, Ebetse, and Iyakhora villages.	NA	NA	NA	NA	NA	Ihievbe
uok-NGA	uok-ng	uok-NI	Uokha	Uokha	UOKHA	Uokha	uok	uokh1238	Uokha	Africa	7.00611	5.97783	uokh1238	NG	book1242	NA	NA	Bookkeeping	book1242	language	Wordlist or less	uokh1238:1	NA	NA	NA	NA	NA	NA	NA	NA	NA	NA	NA	NA	NA	NA	NA	NA	NA	NA
sik-SUR	sik-sr	sik-NS	Sikiana	Sikiana	SIKIANA	Sikiana	sik	siki1239	Sikiana	South America	3.01294	-57.9221	siki1239	BR;SR;VE	book1242	NA	shifting	Bookkeeping	book1242	language	Wordlist or less	siki1239:1	{u'View other languages of Suriname': {}}	Chikena, Chiquena, Chiquiana, Shikiana, Sikiâna, Sikïiyana, Xikiyana, Xikujana	NA	Cariban, Kashuyana	Brazil	None known. Reportedly similar to Salumá [slj].	NA	Northeastern Brazil	OLAC resources in and about Sikiana	8a (Moribund).	Also use Waiwai [waw] (Crevels 2007).	Pará state: between Rio Cafuini and headwaters of the Turuna and Itapi, near the Suriname border.	NA	33 (1986 SIL). Total users in all countries: 48.	48	NA	NA	Sikiana
twm-IND	twm-in	twm-IN	Tawang Monpa	Monpa, Tawang	MONPA, TAWANG	Monpa, Tawang	twm	tawa1289	Tawang Monpa	Eurasia	27.7686	92.1838	tawa1289	CN;IN	book1242	NA	shifting	Bookkeeping	book1242	language	Wordlist or less	tawa1289:1	{u'View other languages of China': {}}	Brahmi, Cuona Menba, Dwags, Monkit, Northern Monpa, Takpa, Tawan Monba	NA	Sino-Tibetan, Tibeto-Burman, Western Tibeto-Burman, Bodish, East Bodish	India	NA	Literacy rate in L2: 32% (2001 census).	China	OLAC resources in and about Monpa, Tawang	6a (Vigorous).	Vigorous. Home, village, religion. Positive attitudes. Also use Hindi [hin]. Used as L2 by Sherdukpen [sdp].	Arunachal Pradesh state: Tawang district.	Monpa (Moinba), ‘man of the lower country’, refers to several ethnically related peoples, which may not be related linguistically. Buddhist.	8,600. Total users in all countries: 9,900.	9900	Basic SOV.	Devanagari script [Deva].	Monpa, Tawang
lmh-NPL	lmh-np	lmh-NP	Lambichhong	Lambichhong	LAMBICHHONG	Lambichhong	lmh	lamb1277	Lambichhong	Eurasia	27.0543	87.2168	lamb1277	NP	book1242	NA	moribund	Bookkeeping	book1242	language	NA	lamb1277:1	NA	Lambicchong, Lambichhong, Lambichong, Lambitshong, Phangduwali Mugali	NA	Sino-Tibetan, Tibeto-Burman, Western Tibeto-Burman, Himalayan, Kiranti, Eastern	Nepal	Phangdhuwali. Reportedly similar to Chhulung [cur], Belhariya [byw], and Chhintang [ctn].	NA	Eastern Nepal enlargements	OLAC resources in and about Mugali	7 (Shifting). Language of recognized indigenous nationality: Rai.	Older adults and elderly.	Kosi zone: Dhankuta district, Arun river east bank, between Mugakhola and Sinuwakhola; Muga, Pakhribas and Phalate VDCs.	Traditional religion.	1,500 (2010 I. Rai), decreasing. Very few monolinguals.	1500	SOV; postpositions; no gender; verbal affixation marks person and number; split ergativity; tense; no passives or voice; nontonal; 23 consonant and 5 vowel phonemes.	Unwritten [Qaax].	Mugali
myd-PNG	myd-pg	myd-PP	Maramba	Maramba	MARAMBA	Maramba	myd	mara1407	Maramba	Papunesia	-4.23908	143.735	mara1407	PG	book1242	NA	not endangered	Bookkeeping	book1242	language	Wordlist or less	mara1407:1	NA	NA	NA	Yuat	Papua New Guinea	NA	NA	Papua New Guinea, Map 4	OLAC resources in and about Maramba	6a (Vigorous).	NA	East Sepik province.	NA	840 (2000 census).	840	NA	NA	Maramba
luu-NPL	luu-np	luu-NP	Lumba-Yakkha	Lumba-Yakkha	LUMBA-YAKKHA	Lumba-Yakkha	luu	lumb1250	Lumba-Yakkha	Eurasia	27.232	87.3146	lumb1250	NP	book1242	NA	threatened	Bookkeeping	book1242	language	NA	lumb1250:1	NA	Lumba-Yakkha, Yakkhaba Cea	NA	Sino-Tibetan, Tibeto-Burman, Western Tibeto-Burman, Himalayan, Kiranti, Eastern	Nepal	They understand Yakkha [ybh], but Yakkha speakers have difficulty in understanding them. No perceived dialect differences within the six villages.	NA	Eastern Nepal enlargements	OLAC resources in and about Yakkha, Chhathare	6b (Threatened).	Language retained among some youth (Hansson 1991). Home.	Kosi zone: Dhankuta district, 6 villages in Arkhaule Jitpur and Marek Katahare VDCs.	The north part (village of Marek) is most vital and populous area. The Chhathare villages to the south and west no longer speak the language, some loss in the east. Traditional religion, Christian, Hindu.	1,200 (2000).	1200	SOV; postpositions; noun head final; verbal affixation marks person and number; both tense and aspect, nontonal.	Unwritten [Qaax].	Yakkha, Chhathare
neo-VNM	neo-vn	neo-VM	Na-Meo	Na-Meo	NA-MEO	Ná-Meo	neo	name1237	Ná-Meo	Eurasia	22.4189	106.435	name1237	VN	uncl1493	NA	not endangered	Unclassifiable	uncl1493	language	NA	name1237:1	NA	NA	NA	Unclassified	Viet Nam	NA	NA	Northern Viet Nam	OLAC resources in and about Ná-Meo	6a (Vigorous). Language of recognized ethnic group: Hmong.	NA	Northwest Lang Son Province, Trang Dinh district, Cao Minh and Khuoi Phu Dao villages, Khanh Long hamlet; Cao Bang Province, Thach An district, Ca Liec village.	Possible immigrants from Guangxi Province in China.	1,200 (2002).	1200	NA	Unwritten [Qaax].	Ná-Meo
jai-MEX	jai-mx	jai-MX	Western Jacaltec	Jacaltec, Western	JACALTEC, WESTERN	Jacaltec, Western	jai	jaka1246	Jakalteko, Western	North America	NA	NA	jaka1246	GT;MX	book1242	NA	NA	Bookkeeping	book1242	language	Wordlist or less	jaka1246:1	NA	NA	NA	NA	NA	NA	NA	NA	NA	NA	NA	NA	NA	NA	NA	NA	NA	NA
giy-AUS	giy-au	giy-AS	Giyug	Giyug	GIYUG	Giyug	giy	giyu1238	Giyug	Australia	-13.2001	130.092	giyu1238	AU	unat1236	NA	nearly extinct	Unattested	unat1236	language	NA	giyu1238:1	NA	NA	NA	Australian, Daly, Bringen-Wagaydy, Wagaydy	Australia	NA	NA	NA	OLAC resources in and about Giyug	10 (Extinct).	NA	Northern Territory: Anson Bay, Peron islands, southwest of Darwin.	NA	No known L1 speakers.	0	NA	NA	Giyug
phw-NPL	phw-np	phw-NP	Phangduwali	Phangduwali	PHANGDUWALI	Phangduwali	phw	phan1256	Phangduwali	Eurasia	27.15945	87.35371	phan1256	NP	book1242	NA	shifting	Bookkeeping	book1242	language	NA	phan1256:1	NA	Phangduvali, Phangduwali Poti	NA	Sino-Tibetan, Tibeto-Burman, Western Tibeto-Burman, Himalayan, Kiranti, Eastern	Nepal	None known. The language spoken by the Phangduwali people is well-understood by Mugali [lmh] people and vice versa except for a few lexical items and accents.	NA	Eastern Nepal enlargements	OLAC resources in and about Phangduwali	7 (Shifting). Language of recognized indigenous nationality: Rai.	NA	Kosi zone: Dhankuta district, Pakhribas VDC, above Mugakhola headwaters.	Van Driem (2001) claims that the Phangduwali are actually Yakkha [ybh], whereas I.P. Rai (forthcoming) suggests these two languages are distinct. Both assert that Phangduwali and Mugali [lmh] are the same language. Traditional religion.	290 (2011 census).	290	SOV; postpositions; 23 consonant and 5 vowel phonemes.	Unwritten [Qaax].	Phangduwali
ays-PHL	ays-ph	ays-RP	Sorsogon Ayta	Ayta, Sorsogon	AYTA, SORSOGON	Ayta, Sorsogon	ays	sors1239	Sorsogon Ayta	Papunesia	13.0426	124.165	sors1239	PH	unat1236	NA	moribund	Unattested	unat1236/aust1312	language	Wordlist or less	sors1239:1	NA	NA	NA	Austronesian, Malayo-Polynesian, Greater Central Philippine, Central Philippine	Philippines	NA	NA	Southern Philippines	OLAC resources in and about Ayta, Sorsogon	8b (Nearly extinct).	Home. Mainly adults. Negative attitudes.	Bicol region: Sorsogon province, Prieto Diaz municipality.	Frequent intermarriage with other groups.	15 (Wurm 2000). Ethnic population: 180.	15	NA	NA	Ayta, Sorsogon
kjf-AZE	kjf-az	kjf-AJ	Khalaj	Khalaj	KHALAJ	Khalaj	kjf	khal1270	Khalaj	Eurasia	36.5317	49.576	khal1270	AZ;IR	book1242	NA	not endangered	Bookkeeping	book1242	language	NA	khal1270:1	{u'View other languages of Iran': {}}	NA	NA	Indo-European, Indo-Iranian, Iranian, Western, Northwestern	Azerbaijan	NA	NA	Azerbaijan	OLAC resources in and about Khalaj	6a (Vigorous).	NA	Lankaran district.	Different from Turkic Khalaj [klj] in Iran.	Total users in all countries: 50,000.	50000	NA	NA	Khalaj
gav-PNG	gav-pg	gav-PP	Gabutamon	Gabutamon	GABUTAMON	Gabutamon	gav	gabu1248	Gabutamon	Papunesia	-5.8075	146.621	gabu1248	PG	book1242	NA	NA	Bookkeeping	book1242	language	Wordlist or less	gabu1248:1	NA	NA	NA	NA	NA	NA	NA	NA	NA	NA	NA	NA	NA	NA	NA	NA	NA	NA
mzx-GUY	mzx-gy	mzx-GY	Mawayana	Mawayana	MAWAYANA	Mawayana	mzx	mawa1271	Mawayana	South America	1.98815	-58.5046	mawa1271	GY	book1242	NA	nearly extinct	Bookkeeping	book1242	language	NA	mawa1271:1	{u'View other languages of Suriname': {}}	Mahuayana	NA	Maipurean, Unclassified	Guyana	None known. No semantic similarity with and not related to Wapishana [wap], Atorada [aox], or Mapidian [mpw] (2002 R. Hicks).	NA	Guyana	OLAC resources in and about Mawayana	8b (Nearly extinct).	Also use Waiwai [waw].	Upper Takutu-Upper Essequibo region: southwest, among the Waiwai [waw] language group.	Traditional religion, Christian.	50 (1986 C. Howard). Total users in all countries: 60.	60	NA	Unwritten [Qaax].	Mawayana
ffi-PNG	ffi-pg	ffi-PP	Foia Foia	Foia Foia	FOIA FOIA	Foia Foia	ffi	foia1236	Foia Foia	Papunesia	NA	NA	foia1236	PG	book1242	NA	not endangered	Bookkeeping	book1242	language	Wordlist or less	foia1236:1	NA	Foiafoia, Foyafoya	Foia Foia	Trans-New Guinea, Inland Gulf, Minanibai	Papua New Guinea	None known. Lexical similarity: 73% with Minanibai [mcv], 52% with Mubami [tsx], 59% with Hoyahoya [hhy], 54% with Hoia Hoia [hhi].	NA	Papua New Guinea, Map 14	OLAC resources in and about Foia Foia	6a (Vigorous).	All domains. Some also use Tok Pisin [tpi], at Kamusi. Also use Bamu [bcf]. Used as L2 by Hoia Hoia [hhi].	Western province: Middle Fly district, Bibisa village; Gulf province: Kikori district, Turama river, Moka village.	NA	180 (2000 census). Ethnic population: 260 (2000 census).	180	NA	Latin script [Latn].	Foia Foia
npb-BTN	npb-bt	npb-BT	Nupbikha	Nupbikha	NUPBIKHA	Nupbikha	npb	nupb1238	Nupbikha	Eurasia	27.4301	90.534	nupb1238	BT	book1242	NA	threatened	Bookkeeping	book1242	language	NA	nupb1238:1	NA	Trongsakha	NA	Sino-Tibetan, Tibeto-Burman, Western Tibeto-Burman, Bodish, East Bodish, Bumthang	Bhutan	None known. Phonological similarities to Khengkha [xkf].	NA	Bhutan	OLAC resources in and about Nupbikha	6a (Vigorous).	NA	Trongsa district: enclave south of Tongsa Dzong.	View their language as different from Bumthangkha [kjz].	NA	NA	NA	Unwritten [Qaax].	Nupbikha
lii-NPL	lii-np	lii-NP	Lingkhim	Lingkhim	LINGKHIM	Lingkhim	lii	ling1268	Lingkhim	Eurasia	26.992	87.9992	ling1268	NP	book1242	NA	NA	Bookkeeping	book1242	language	Wordlist or less	ling1268:1	NA	NA	NA	NA	NA	NA	NA	NA	NA	NA	NA	NA	NA	NA	NA	NA	NA	NA
ckj-GTM	ckj-gt	ckj-GT	Santo Domingo Xenacoj Kaqchikel	Kaqchikel, Santo Domingo Xenacoj	KAQCHIKEL, SANTO DOMINGO XENACOJ	Kaqchikel, Santo Domingo Xenacoj	ckj	kaqc1278	Kaqchikel, Santo Domingo Xenacoj	North America	NA	NA	kaqc1278	GT	book1242	NA	NA	Bookkeeping	book1242	language	Wordlist or less	kaqc1278:1	NA	NA	NA	NA	NA	NA	NA	NA	NA	NA	NA	NA	NA	NA	NA	NA	NA	NA
kze-PNG	kze-pg	kze-PP	Kosena	Kosena	KOSENA	Kosena	kze	kose1239	Kosena	Papunesia	-6.46414	145.66	kose1239	PG	book1242	NA	not endangered	Bookkeeping	book1242	language	Wordlist or less	kose1239:1	NA	NA	NA	Trans-New Guinea, Kainantu-Goroka, Kainantu, Gadsup-Auyana-Awa	Papua New Guinea	NA	Literacy rate in L1: 5%–15%. Literacy rate in L2: 5%–15%. NT: 1980.	Papua New Guinea, Map 10	OLAC resources in and about Kosena	5 (Developing).	NA	Eastern Highlands province: Kainantu and Okapa districts.	NA	2,000 (1987 SIL).	2000	SOV.	Latin script [Latn].	Kosena
nfk-NGA	nfk-ng	nfk-NI	Shakara	Shakara	SHAKARA	Shakara	nfk	shak1238	Shakara	Africa	NA	NA	shak1238	NG	book1242	NA	NA	Bookkeeping	book1242	language	Wordlist or less	shak1238:1	NA	NA	NA	NA	NA	NA	NA	NA	NA	NA	NA	NA	NA	NA	NA	NA	NA	NA
tyl-VNM	tyl-vn	tyl-VM	Thu Lao	Thu Lao	THU LAO	Thu Lao	tyl	thul1247	Thu Lao	Eurasia	22.7528	104.251	thul1247	VN	book1242	NA	shifting	Bookkeeping	book1242	language	NA	thul1247:1	NA	NA	NA	Tai-Kadai, Kam-Tai, Tai, Southwestern	Viet Nam	NA	NA	Northern Viet Nam	OLAC resources in and about Thu Lao	6b (Threatened).	NA	Far north, near China border, Lao Cai Province; possibly in Laos.	Traditional religion.	200 (2002 J. Edmondson).	200	NA	Unwritten [Qaax].	Thu Lao
mpf-GTM	mpf-gt	mpf-GT	Tajumulco Mam	Mam, Tajumulco	MAM, TAJUMULCO	Mam, Tajumulco	mpf	mamt1234	Mam, Tajumulco	North America	NA	NA	mamt1234	GT	book1242	NA	NA	Bookkeeping	book1242	language	Wordlist or less	mamt1234:1	NA	NA	NA	NA	NA	NA	NA	NA	NA	NA	NA	NA	NA	NA	NA	NA	NA	NA
nfg-NGA	nfg-ng	nfg-NI	Nyeng	Nyeng	NYENG	Nyeng	nfg	nyen1255	Nyeng	Africa	NA	NA	nyen1255	NG	book1242	NA	NA	Bookkeeping	book1242	language	Wordlist or less	nyen1255:1	NA	NA	NA	NA	NA	NA	NA	NA	NA	NA	NA	NA	NA	NA	NA	NA	NA	NA
ckk-GTM	ckk-gt	ckk-GT	Akatenango Southwestern Kaqchikel	Kaqchikel, Akatenango Southwestern	KAQCHIKEL, AKATENANGO SOUTHWESTERN	Kaqchikel, Akatenango Southwestern	ckk	kaqc1277	Kaqchikel, Akatenango Southwestern	North America	NA	NA	kaqc1277	GT	book1242	NA	NA	Bookkeeping	book1242	language	Wordlist or less	kaqc1277:1	NA	NA	NA	NA	NA	NA	NA	NA	NA	NA	NA	NA	NA	NA	NA	NA	NA	NA
cki-GTM	cki-gt	cki-GT	Santa Maria de Jesus Kaqchikel	Kaqchikel, Santa Maria de Jesus	KAQCHIKEL, SANTA MARIA DE JESUS	Kaqchikel, Santa María de Jesús	cki	kaqc1276	Kaqchikel, Santa María de Jesús	North America	NA	NA	kaqc1276	GT	book1242	NA	NA	Bookkeeping	book1242	language	Wordlist or less	kaqc1276:1	NA	NA	NA	NA	NA	NA	NA	NA	NA	NA	NA	NA	NA	NA	NA	NA	NA	NA
cun-GTM	cun-gt	cun-GT	Cunen Kiche	Kiche, Cunen	KICHE, CUNEN	K'iche', Cunén	cun	kich1264	K'iche', Cunén	North America	NA	NA	kich1264	GT	book1242	NA	NA	Bookkeeping	book1242	language	Wordlist or less	kich1264:1	NA	NA	NA	NA	NA	NA	NA	NA	NA	NA	NA	NA	NA	NA	NA	NA	NA	NA
bdz-PAK	bdz-pk	bdz-PK	Badeshi	Badeshi	BADESHI	Badeshi	bdz	bade1240	Badeshi	Eurasia	35.2655	72.6823	bade1240	PK	unat1236	NA	extinct	Unattested	unat1236/indo1329	language	Wordlist or less	bade1240:1	NA	Badakhshi	NA	Indo-European, Indo-Iranian, Unclassified	Pakistan	NA	NA	NA	OLAC resources in and about Badeshi	9 (Dormant).	Also use Northern Pashto [pbu].	Khyber Pakhtunkwa province: Bishigram valley upper reaches, Swat Kohistan; small groups in Pooran Chakesar, Swat, and Tirat valleys; Alai.	Only dominant area languages now used: Torwali [trw], Pashto or Ushojo [ush]. Muslim.	No known L1 speakers. No known speakers for three or more generations. Ethnic population: 2,830 (2000).	0	NA	Unwritten [Qaax].	Badeshi
acb-NGA	acb-ng	acb-NI	Anca	Anca	ANCA	Áncá	acb	anca1236	Áncá	Africa	6.66524	11.1087	anca1236	NG	book1242	NA	not endangered	Bookkeeping	book1242	language	Wordlist or less	anca1236:1	NA	Bunta	NA	Niger-Congo, Atlantic-Congo, Volta-Congo, Benue-Congo, Bantoid, Unclassified	Nigeria	NA	NA	Nigeria, Map 8	OLAC resources in and about Áncá	6a (Vigorous).	NA	Taraba state: Sardauna LGA, Antere, Nca village.	May be the same as Manta [myg].	Ethnic population: 300 (2006 J. Leclerc).	300	NA	NA	Áncá
fum-NGA	fum-ng	fum-NI	Fum	Fum	FUM	Fum	fum	fumm1238	Fum	Africa	6.66524	11.1087	fumm1238	NG	book1242	NA	not endangered	Bookkeeping	book1242	language	Wordlist or less	fumm1238:1	NA	NA	NA	Niger-Congo, Atlantic-Congo, Volta-Congo, Benue-Congo, Bantoid, Southern, Wide Grassfields, Narrow Grassfields	Nigeria	NA	NA	Nigeria, Map 8	OLAC resources in and about Fum	6a (Vigorous).	NA	Taraba state: Sardauna LGA, Antere, on Cameroon border.	May be the same as Mfumte [nfu] in Cameroon.	NA	NA	NA	NA	Fum
kwq-NGA	kwq-ng	kwq-NI	Kwak	Kwak	KWAK	Kwak	kwq	kwak1264	Kwak	Africa	6.66524	11.1087	kwak1264	NG	book1242	NA	NA	Bookkeeping	book1242	language	Wordlist or less	kwak1264:1	NA	NA	NA	NA	NA	NA	NA	NA	NA	NA	NA	NA	NA	NA	NA	NA	NA	NA
oda-NGA	oda-ng	oda-NI	Odut	Odut	ODUT	Odut	oda	odut1238	Odut	Africa	5.20317	8.27253	odut1238	NG	book1242	NA	moribund	Bookkeeping	book1242	language	Wordlist or less	odut1238:1	NA	NA	NA	Niger-Congo, Atlantic-Congo, Volta-Congo, Benue-Congo, Cross River, Delta Cross, Upper Cross, Kiong-Korop	Nigeria	NA	NA	Nigeria, Map 10	OLAC resources in and about Odut	8b (Nearly extinct).	NA	Cross River state: Odukpani LGA.	NA	20 (1980 R. Blench). May be extinct (Dimmendaal and Voeltz 2007).	20	NA	NA	Odut
yrs-IDN	yrs-id	yrs-ID	Yarsun	Yarsun	YARSUN	Yarsun	yrs	yars1234	Yarsun	Papunesia	-2.21222	139.472	yars1234	ID	book1242	NA	shifting	Bookkeeping	book1242	language	Wordlist or less	yars1234:1	NA	NA	NA	Austronesian, Malayo-Polynesian, Central-Eastern Malayo-Polynesian, Eastern Malayo-Polynesian, Oceanic, Western Oceanic, North New Guinea, Sarmi-Jayapura Bay, Sarmi	Indonesia	NA	NA	Indonesia, Northwestern Papua enlargement	OLAC resources in and about Yarsun	8a (Moribund).	NA	Papua province: Sarmi regency, Bonggo sub-district.	Yarsun may not exist or speakers may have moved (2005 SIL). Christian, traditional religion.	200 (1991 SIL).	200	NA	NA	Yarsun
